-- phpMyAdmin SQL Dump
-- version 4.7.3
-- https://www.phpmyadmin.net/
--
-- Хост: localhost
-- Время создания: Июл 25 2018 г., 14:49
-- Версия сервера: 5.7.19-log
-- Версия PHP: 7.1.10

SET SQL_MODE = "NO_AUTO_VALUE_ON_ZERO";
SET AUTOCOMMIT = 0;
START TRANSACTION;
SET time_zone = "+00:00";


/*!40101 SET @OLD_CHARACTER_SET_CLIENT=@@CHARACTER_SET_CLIENT */;
/*!40101 SET @OLD_CHARACTER_SET_RESULTS=@@CHARACTER_SET_RESULTS */;
/*!40101 SET @OLD_COLLATION_CONNECTION=@@COLLATION_CONNECTION */;
/*!40101 SET NAMES utf8mb4 */;

--
-- База данных: `laravel_api`
--

-- --------------------------------------------------------

--
-- Структура таблицы `migrations`
--

CREATE TABLE `migrations` (
  `id` int(10) UNSIGNED NOT NULL,
  `migration` varchar(255) COLLATE utf8mb4_unicode_ci NOT NULL,
  `batch` int(11) NOT NULL
) ENGINE=InnoDB DEFAULT CHARSET=utf8mb4 COLLATE=utf8mb4_unicode_ci;

--
-- Дамп данных таблицы `migrations`
--

INSERT INTO `migrations` (`id`, `migration`, `batch`) VALUES
(1, '2014_10_12_000000_create_users_table', 1),
(2, '2014_10_12_100000_create_password_resets_table', 1),
(3, '2018_07_25_065532_create_products_table', 1),
(4, '2018_07_25_065609_create_reviews_table', 1);

-- --------------------------------------------------------

--
-- Структура таблицы `products`
--

CREATE TABLE `products` (
  `id` int(10) UNSIGNED NOT NULL,
  `name` varchar(255) COLLATE utf8mb4_unicode_ci NOT NULL,
  `detail` text COLLATE utf8mb4_unicode_ci NOT NULL,
  `price` int(11) NOT NULL,
  `stock` int(11) NOT NULL,
  `discount` int(11) NOT NULL,
  `created_at` timestamp NULL DEFAULT NULL,
  `updated_at` timestamp NULL DEFAULT NULL
) ENGINE=InnoDB DEFAULT CHARSET=utf8mb4 COLLATE=utf8mb4_unicode_ci;

--
-- Дамп данных таблицы `products`
--

INSERT INTO `products` (`id`, `name`, `detail`, `price`, `stock`, `discount`, `created_at`, `updated_at`) VALUES
(1, 'inventore', 'Iste ducimus molestiae et odit aut quasi. Culpa dignissimos maxime ab amet quod. Aut quia aut sequi laborum et alias voluptas. Ex ab qui possimus fugiat provident molestiae consequuntur.', 295, 5, 15, '2018-07-25 04:45:22', '2018-07-25 04:45:22'),
(2, 'hic', 'Culpa iure quod dolorem labore qui sequi. Asperiores ut qui error quam. Delectus cum nesciunt delectus fugiat voluptatem.', 791, 5, 30, '2018-07-25 04:45:22', '2018-07-25 04:45:22'),
(3, 'et', 'Fugiat et natus tenetur quisquam ut qui eum. Aut eos et aut nam. Omnis autem accusantium eligendi voluptatem. Vel et dignissimos fugit in voluptates.', 952, 3, 19, '2018-07-25 04:45:22', '2018-07-25 04:45:22'),
(4, 'ullam', 'Itaque nulla consequuntur eaque eum impedit quaerat qui. Rem tempore a velit odit ut illum. Sed ullam nam corrupti a.', 798, 1, 19, '2018-07-25 04:45:22', '2018-07-25 04:45:22'),
(5, 'voluptatem', 'Eligendi quis quas dolores. Magnam laudantium asperiores eum laudantium minus necessitatibus sunt. Suscipit libero amet velit quae deserunt dicta.', 851, 2, 21, '2018-07-25 04:45:22', '2018-07-25 04:45:22'),
(6, 'pariatur', 'Aut debitis dolores natus explicabo quia odit autem. Porro accusamus culpa sit rem. Minima doloremque consectetur tempora corrupti ut alias.', 687, 9, 26, '2018-07-25 04:45:22', '2018-07-25 04:45:22'),
(7, 'minima', 'Quidem consequatur veniam fuga qui. Id eos quia voluptatibus cum. In omnis quo rerum suscipit dolore sed. Consequuntur tenetur nihil cum saepe totam repellendus.', 397, 7, 25, '2018-07-25 04:45:22', '2018-07-25 04:45:22'),
(8, 'voluptatum', 'Exercitationem dolorem est hic ratione id. Architecto sunt numquam sequi voluptas repellat dolore. Explicabo quas quo deserunt est libero ipsum hic. Tempore accusamus sed ratione qui.', 439, 1, 14, '2018-07-25 04:45:22', '2018-07-25 04:45:22'),
(9, 'asperiores', 'Quo distinctio et eaque accusamus. Est atque quasi dolore doloribus earum deserunt et. Recusandae veritatis id praesentium nesciunt autem.', 974, 6, 24, '2018-07-25 04:45:22', '2018-07-25 04:45:22'),
(10, 'est', 'Iusto minus vel molestiae quam neque. Et assumenda vitae ut laborum dicta. Maxime similique cupiditate et quisquam rerum. Dolorum quia at quis quis ut rerum.', 911, 6, 22, '2018-07-25 04:45:22', '2018-07-25 04:45:22'),
(11, 'at', 'Doloremque vitae sit et natus aut fugiat neque tempora. Quae corporis inventore voluptatem voluptate adipisci odit.', 542, 3, 16, '2018-07-25 04:45:22', '2018-07-25 04:45:22'),
(12, 'praesentium', 'In libero unde autem facere totam deleniti est. Sequi minima ullam laboriosam ducimus est. Omnis nulla quia et voluptas maxime sit.', 726, 0, 22, '2018-07-25 04:45:22', '2018-07-25 04:45:22'),
(13, 'blanditiis', 'Est cumque dignissimos repellat consequatur. Ut debitis autem omnis cum aut dignissimos cum. Perspiciatis accusamus aliquid qui dolore qui.', 553, 0, 28, '2018-07-25 04:45:22', '2018-07-25 04:45:22'),
(14, 'eveniet', 'Reiciendis qui ut dolorum sint temporibus dolores. Quia repellendus quia nihil dolorem dolorum hic culpa. Vel sed eaque inventore ab sit.', 707, 5, 12, '2018-07-25 04:45:22', '2018-07-25 04:45:22'),
(15, 'voluptatem', 'Magni laboriosam soluta incidunt est corporis. Inventore labore harum numquam nihil sapiente in. Nam quae consequatur itaque enim aut consequuntur sit. Eos et atque cupiditate.', 211, 0, 21, '2018-07-25 04:45:22', '2018-07-25 04:45:22'),
(16, 'quo', 'Aut ut delectus eos autem autem. Delectus recusandae saepe corrupti ratione et eligendi labore voluptatem. Placeat sit aperiam qui sed sunt quo ipsa.', 253, 1, 10, '2018-07-25 04:45:22', '2018-07-25 04:45:22'),
(17, 'dolorum', 'Velit quibusdam consequatur hic ut perferendis quia. Quasi beatae temporibus iusto nihil ducimus adipisci deleniti rem. Possimus in consectetur totam et voluptatibus voluptas.', 667, 2, 25, '2018-07-25 04:45:22', '2018-07-25 04:45:22'),
(18, 'distinctio', 'Est et ut eveniet sunt atque. Officia est repellendus similique excepturi. Unde vel odio ad facilis aut fuga.', 951, 9, 23, '2018-07-25 04:45:22', '2018-07-25 04:45:22'),
(19, 'dolor', 'Autem voluptatem architecto et fugit. Ex placeat voluptatem earum voluptatem et quaerat qui. Ad repellendus qui reprehenderit et. A fugiat animi ut magni adipisci atque.', 835, 3, 11, '2018-07-25 04:45:23', '2018-07-25 04:45:23'),
(20, 'corrupti', 'Eius et ipsa magnam. Harum quaerat est ab dolor. Quia et molestiae assumenda totam delectus. Veniam magni optio illo.', 845, 6, 17, '2018-07-25 04:45:23', '2018-07-25 04:45:23'),
(21, 'voluptatem', 'Harum est nihil beatae illum quidem dolor. Enim nam omnis consequuntur deserunt. Atque non architecto aperiam qui pariatur repellat suscipit doloribus. Ad non excepturi possimus magni voluptatem quod beatae.', 246, 6, 24, '2018-07-25 04:45:23', '2018-07-25 04:45:23'),
(22, 'vel', 'Dolor sit unde temporibus eveniet esse nihil ipsam molestias. Dolorem quos voluptatum quis et eveniet facere. Facilis sunt sed voluptates nemo. Consectetur facilis voluptatem quia nihil dolores quidem sint. Doloremque et consectetur aut non repudiandae sit voluptatem.', 503, 9, 14, '2018-07-25 04:45:23', '2018-07-25 04:45:23'),
(23, 'dolorem', 'Sit qui architecto aut quos voluptatem quisquam est quam. Est consequatur culpa eos suscipit et sit. Sunt atque corporis nesciunt eaque nihil dolores.', 681, 5, 7, '2018-07-25 04:45:23', '2018-07-25 04:45:23'),
(24, 'et', 'Eos necessitatibus ipsum doloremque nisi. Non fugiat perspiciatis voluptatibus libero vero aut dicta. Qui necessitatibus rerum dicta deserunt et magnam quia.', 573, 7, 28, '2018-07-25 04:45:23', '2018-07-25 04:45:23'),
(25, 'et', 'Aut aperiam et est est et qui. Voluptatem est eos necessitatibus ipsam. Beatae ipsam et est omnis esse ullam.', 369, 2, 25, '2018-07-25 04:45:23', '2018-07-25 04:45:23'),
(26, 'possimus', 'Non odio mollitia tenetur vitae ut eius. Dolorem iure consequatur cumque odio libero. Magni laborum sit dolorum et. Voluptatem enim rerum error ipsam voluptatem laboriosam.', 823, 0, 29, '2018-07-25 04:45:23', '2018-07-25 04:45:23'),
(27, 'impedit', 'Sunt eveniet quo beatae et quasi ea tenetur illum. Quasi illo beatae voluptatibus sapiente. Est ducimus nam et. Id rerum excepturi sit est.', 639, 7, 12, '2018-07-25 04:45:23', '2018-07-25 04:45:23'),
(28, 'est', 'Voluptatem voluptatem quo ea ab voluptas illum magni. Amet at eos et delectus. Qui in voluptatem ut dolor perspiciatis quas sed alias. In a nulla ut ipsum qui in.', 967, 5, 29, '2018-07-25 04:45:23', '2018-07-25 04:45:23'),
(29, 'minima', 'Sint iure rerum molestiae dignissimos aliquam sint inventore optio. Rem ad laborum sint est vitae asperiores expedita.', 459, 0, 21, '2018-07-25 04:45:23', '2018-07-25 04:45:23'),
(30, 'in', 'Nemo voluptate nemo dolores perspiciatis ut. Repudiandae autem consequuntur est. Nemo nihil et quis adipisci asperiores repellat eius. Corrupti corrupti asperiores ut expedita cupiditate.', 830, 4, 14, '2018-07-25 04:45:23', '2018-07-25 04:45:23'),
(31, 'consequatur', 'Est iure voluptatem aut et vitae blanditiis. Autem ab officia quas incidunt iusto expedita velit. Ex dolor et minus ipsa.', 557, 8, 17, '2018-07-25 04:45:23', '2018-07-25 04:45:23'),
(32, 'sunt', 'Omnis consequuntur laborum neque molestiae. Saepe eaque accusamus neque quis neque sapiente. Ipsam quam eum odit mollitia numquam est accusamus. Harum corporis numquam vel.', 563, 5, 28, '2018-07-25 04:45:23', '2018-07-25 04:45:23'),
(33, 'exercitationem', 'Ut voluptas aut ut quam nam. Ut temporibus rerum dolores rerum quam. Quas aut eos quaerat eos blanditiis. Est placeat nam voluptatem non.', 620, 5, 27, '2018-07-25 04:45:23', '2018-07-25 04:45:23'),
(34, 'dolor', 'Eius sed et aut at perferendis. Voluptates qui id quia eius assumenda adipisci molestias. Et dignissimos aliquam quisquam dolor.', 330, 0, 7, '2018-07-25 04:45:23', '2018-07-25 04:45:23'),
(35, 'et', 'Alias vel rem ut et est. Amet doloremque totam nihil nam ut autem. Nulla sit sapiente optio fugiat. Neque hic delectus facilis numquam.', 758, 8, 3, '2018-07-25 04:45:23', '2018-07-25 04:45:23'),
(36, 'molestiae', 'Quo reprehenderit totam qui eligendi autem reprehenderit. Et soluta et non voluptatem. Libero sit quibusdam sit illum molestiae earum. Illo occaecati amet debitis aut et.', 659, 2, 11, '2018-07-25 04:45:23', '2018-07-25 04:45:23'),
(37, 'voluptatem', 'Aliquam placeat explicabo laborum magnam. Voluptate qui voluptate nihil. Qui est possimus similique aut voluptatibus id quasi. Sed totam ut inventore ipsa veniam pariatur.', 270, 2, 21, '2018-07-25 04:45:23', '2018-07-25 04:45:23'),
(38, 'pariatur', 'Est nisi facilis incidunt suscipit. Iusto cum consequatur et aspernatur et velit quia. Quasi ut sunt et beatae laudantium non. Omnis sit quisquam sit harum voluptatibus in.', 748, 3, 29, '2018-07-25 04:45:23', '2018-07-25 04:45:23'),
(39, 'sed', 'Harum officia aut sit ipsam incidunt enim. Ducimus ab quasi qui consequatur necessitatibus consequatur. Non ea quibusdam recusandae veritatis minus. Autem error tempore dolores est non. Accusamus nesciunt fugit unde ex et tenetur.', 703, 8, 20, '2018-07-25 04:45:23', '2018-07-25 04:45:23'),
(40, 'quae', 'Rerum deleniti laboriosam in cum tempore. Aperiam magni corrupti occaecati iste accusamus voluptatem recusandae. Id voluptates cupiditate dolores eligendi deleniti est minus. Dignissimos nostrum dolor quibusdam consequatur iste. Repudiandae vel nobis quidem et.', 736, 9, 3, '2018-07-25 04:45:23', '2018-07-25 04:45:23'),
(41, 'incidunt', 'Voluptatum consequatur iste omnis ut iure consequatur. Ut officia facilis deleniti ut animi. Rerum voluptatem ut et magnam. Sint et illo cum.', 227, 0, 30, '2018-07-25 04:45:23', '2018-07-25 04:45:23'),
(42, 'ad', 'Ea ut ab sunt aut. Quaerat sed beatae quis iusto cupiditate non aut. Et voluptatem nostrum ducimus qui voluptates quibusdam eius.', 392, 2, 27, '2018-07-25 04:45:23', '2018-07-25 04:45:23'),
(43, 'placeat', 'Minus et sed ducimus et in. Qui deleniti ut quisquam eligendi. Aliquid sed ea officiis. Doloremque harum earum odit nesciunt. Dolores eius est officia ipsa ut sunt.', 439, 9, 10, '2018-07-25 04:45:23', '2018-07-25 04:45:23'),
(44, 'eligendi', 'Omnis soluta nobis maxime. Eius perspiciatis omnis vitae. Rerum impedit culpa possimus consequatur.', 626, 0, 6, '2018-07-25 04:45:23', '2018-07-25 04:45:23'),
(45, 'expedita', 'Praesentium adipisci enim consequatur voluptatem iure. Reprehenderit voluptatem totam doloribus qui vitae a incidunt facere. Qui laudantium iste aut blanditiis aliquam. Modi repudiandae est repellat saepe.', 739, 8, 9, '2018-07-25 04:45:23', '2018-07-25 04:45:23'),
(46, 'maxime', 'Minima cupiditate perferendis illum ut quae. Qui et hic et. Quidem fugit veritatis voluptas voluptates id dolores officiis.', 953, 4, 29, '2018-07-25 04:45:23', '2018-07-25 04:45:23'),
(47, 'numquam', 'Assumenda modi est autem illum. Fuga quia amet quia voluptas dolor accusamus voluptas. Et sint nobis reprehenderit rem quos.', 315, 1, 29, '2018-07-25 04:45:23', '2018-07-25 04:45:23'),
(48, 'qui', 'Debitis consectetur nulla fugiat iste autem ut minus. Reiciendis sed corporis ex deserunt blanditiis quis totam quis. Et cupiditate neque adipisci odio. Amet consequuntur non quia voluptatibus laboriosam sit in.', 895, 5, 30, '2018-07-25 04:45:23', '2018-07-25 04:45:23'),
(49, 'optio', 'Exercitationem ullam omnis fugit nostrum dignissimos quia. Ut architecto ea eligendi cumque quasi. Autem dolor esse praesentium. Hic tenetur nemo maiores omnis.', 326, 3, 18, '2018-07-25 04:45:23', '2018-07-25 04:45:23'),
(50, 'ex', 'Eaque inventore non velit quaerat. Quam voluptates magni maiores earum quaerat nisi ducimus. Qui minus qui aperiam tempore vel doloremque. Animi illo sint deleniti itaque aliquid eius.', 442, 3, 6, '2018-07-25 04:45:23', '2018-07-25 04:45:23'),
(51, 'est', 'Et id non voluptatem odit aut quia aut. Voluptas et sit omnis cupiditate dolore et. Eum neque laboriosam aut esse fugit. Velit laboriosam soluta placeat consequuntur.', 176, 0, 12, '2018-07-25 04:46:45', '2018-07-25 04:46:45'),
(52, 'et', 'Velit sed officia numquam voluptatem facere rem culpa ipsum. At dignissimos quam accusamus quos. Ea dicta porro voluptas atque unde illum est. Nostrum et est aut qui quasi totam.', 956, 1, 3, '2018-07-25 04:46:45', '2018-07-25 04:46:45'),
(53, 'qui', 'Quibusdam ratione suscipit est vitae eum ut non incidunt. Est sit quia sed et tempora vero. Omnis corrupti accusantium sint accusantium ea qui.', 654, 9, 18, '2018-07-25 04:46:45', '2018-07-25 04:46:45'),
(54, 'magni', 'Eaque provident minima qui tenetur. Voluptates harum officia asperiores ut impedit est. Nulla debitis iure amet magnam. Reprehenderit reprehenderit modi magnam ex quos laborum.', 551, 8, 20, '2018-07-25 04:46:45', '2018-07-25 04:46:45'),
(55, 'odio', 'Aut voluptate eum facilis voluptates. Assumenda rerum nisi voluptatibus id aut. Id incidunt id in dolorem exercitationem.', 727, 8, 16, '2018-07-25 04:46:45', '2018-07-25 04:46:45'),
(56, 'voluptas', 'Non sint voluptatem sapiente suscipit aut possimus alias. Beatae cum voluptatibus aperiam eaque et a. Consequatur nostrum sequi cupiditate quo. Eum laudantium facere ad est nihil quia.', 549, 9, 15, '2018-07-25 04:46:45', '2018-07-25 04:46:45'),
(57, 'sunt', 'Blanditiis dolor perferendis hic repellendus. Id optio similique quis non molestiae tenetur fugit. Voluptatem qui laborum omnis.', 410, 9, 28, '2018-07-25 04:46:45', '2018-07-25 04:46:45'),
(58, 'ut', 'Sed maxime laboriosam illo id recusandae hic. Omnis et vitae unde exercitationem deleniti minima. Velit fugiat accusamus quidem rerum autem. Pariatur illum sed voluptatem aliquid.', 976, 9, 17, '2018-07-25 04:46:45', '2018-07-25 04:46:45'),
(59, 'et', 'Aut error omnis id perspiciatis enim itaque. Sunt ipsam hic qui et dolorum perferendis. Aut labore ut est enim.', 762, 8, 14, '2018-07-25 04:46:45', '2018-07-25 04:46:45'),
(60, 'unde', 'Modi culpa quis commodi possimus. Quia inventore autem nostrum natus dolorem quo. Rerum distinctio voluptas autem voluptate aperiam. Maxime cum rerum est cupiditate qui modi.', 389, 1, 17, '2018-07-25 04:46:45', '2018-07-25 04:46:45'),
(61, 'doloribus', 'Non tempore ratione porro sunt non et eum. Molestias eius fugiat molestias voluptatem ipsa porro explicabo nisi. Odit ab voluptatum et nemo dolorem animi delectus.', 103, 1, 2, '2018-07-25 04:46:45', '2018-07-25 04:46:45'),
(62, 'repellendus', 'Sunt sit sed est voluptates quaerat esse vel. Unde debitis magni ratione nulla. Sequi suscipit corrupti beatae qui harum.', 836, 4, 6, '2018-07-25 04:46:45', '2018-07-25 04:46:45'),
(63, 'sit', 'Aut est eum porro consequatur. Molestiae repudiandae voluptatem aliquid pariatur libero ut molestiae quaerat. Officiis sint possimus dolorem ducimus blanditiis ab ut.', 527, 2, 5, '2018-07-25 04:46:45', '2018-07-25 04:46:45'),
(64, 'tempora', 'Quis et nam quia cum voluptatem dolor. Non aut tenetur ea expedita eos vel. Totam voluptas eius optio voluptatem cumque.', 576, 2, 17, '2018-07-25 04:46:45', '2018-07-25 04:46:45'),
(65, 'fugit', 'Laborum architecto deleniti qui qui voluptatem vero. Quo occaecati dicta quam nihil. Quas eos necessitatibus eius et ipsam. Esse eligendi et eligendi quo sunt dolor.', 268, 4, 2, '2018-07-25 04:46:45', '2018-07-25 04:46:45'),
(66, 'enim', 'Non architecto est aut ipsam maxime et. Est deleniti qui sit rerum ab voluptatum et. Dignissimos quia perferendis quae aliquam eos. Consequatur illum cum a omnis.', 201, 6, 24, '2018-07-25 04:46:45', '2018-07-25 04:46:45'),
(67, 'facilis', 'Ea non facere ratione rem commodi. Voluptatem quasi fugiat qui eos ut. Laborum laborum laborum eligendi eveniet laudantium nisi magnam aliquam.', 616, 0, 21, '2018-07-25 04:46:45', '2018-07-25 04:46:45'),
(68, 'a', 'Sapiente non laborum delectus distinctio. Magnam veniam quam dolore dolore repellat. Excepturi aut rerum similique voluptatem fugit. Consectetur non et doloremque error.', 289, 4, 12, '2018-07-25 04:46:45', '2018-07-25 04:46:45'),
(69, 'adipisci', 'Non est qui harum voluptas repudiandae. Autem eos in praesentium nemo. Doloribus ea qui ipsa pariatur.', 826, 4, 20, '2018-07-25 04:46:45', '2018-07-25 04:46:45'),
(70, 'eius', 'Quia totam earum vero consequatur dolorem illo. Aperiam aut a aut qui provident cum. Qui et porro voluptatem sed tempore sint. At nemo consequatur ut exercitationem.', 932, 0, 4, '2018-07-25 04:46:45', '2018-07-25 04:46:45'),
(71, 'sunt', 'Et quidem aliquam quasi sed autem dolor tempora. Modi deserunt ut quo. Impedit quasi distinctio quod ea eum exercitationem.', 551, 3, 8, '2018-07-25 04:46:45', '2018-07-25 04:46:45'),
(72, 'commodi', 'Et in repellat explicabo provident quia error dolorum qui. Numquam sit quisquam soluta consequatur repellat in ipsa eos. Ipsum aut sapiente recusandae ratione ipsam hic quibusdam magni. Maiores in laborum dolores ut consectetur aliquid. Omnis minus autem atque et ut.', 777, 7, 4, '2018-07-25 04:46:45', '2018-07-25 04:46:45'),
(73, 'a', 'Ipsa sint maxime eligendi labore rerum vero ut. Eum sed repudiandae quo non officiis cum iusto qui. Doloribus sit animi dignissimos voluptatem ea. Minima voluptatem esse aut dignissimos qui rem.', 808, 2, 30, '2018-07-25 04:46:45', '2018-07-25 04:46:45'),
(74, 'tempora', 'Voluptatem quidem omnis ea est provident reiciendis repellendus. Assumenda dicta temporibus enim impedit quaerat rerum. Dignissimos dolorem inventore consequatur labore ab.', 711, 8, 5, '2018-07-25 04:46:45', '2018-07-25 04:46:45'),
(75, 'sunt', 'Hic deserunt accusamus laudantium praesentium omnis quae. Et animi est nulla atque non ea. Sapiente voluptas ipsam enim officia aliquam fuga. Dolorum et delectus sint maiores voluptatum. Debitis nisi rerum nobis id dolorem.', 223, 8, 7, '2018-07-25 04:46:45', '2018-07-25 04:46:45'),
(76, 'dolore', 'Labore sunt dolorem assumenda laborum qui possimus. Nostrum numquam et vero nihil velit. Repudiandae omnis tenetur et voluptas fugiat. Magnam laborum odio eos est nesciunt.', 847, 0, 29, '2018-07-25 04:46:45', '2018-07-25 04:46:45'),
(77, 'dolorem', 'Unde fuga eos quas molestias autem doloribus dolor perferendis. Autem eos doloribus dolores minima omnis reiciendis quia sit. Nisi repellendus inventore voluptate. Est consequatur et modi.', 858, 1, 9, '2018-07-25 04:46:46', '2018-07-25 04:46:46'),
(78, 'qui', 'Laborum at quo sed alias quasi tempore est. Voluptates labore eum quasi eum vel illo unde. Quas soluta eos dicta maxime temporibus aliquam. Accusamus voluptas dignissimos assumenda eveniet.', 719, 0, 17, '2018-07-25 04:46:46', '2018-07-25 04:46:46'),
(79, 'illo', 'Corrupti aliquam quia adipisci officia officia. Culpa similique voluptas in dolorem nihil voluptas et. Earum dolor quisquam porro labore accusamus tempora. Suscipit vel aliquid ducimus quibusdam perspiciatis esse corrupti.', 204, 0, 16, '2018-07-25 04:46:46', '2018-07-25 04:46:46'),
(80, 'nihil', 'Odio beatae sed dicta voluptas eos sunt eveniet. Nobis maiores voluptatem voluptatum vero voluptatem. At et in sequi qui totam. Expedita amet sapiente in.', 894, 7, 17, '2018-07-25 04:46:46', '2018-07-25 04:46:46'),
(81, 'ut', 'Et rerum et adipisci consequatur. Explicabo perspiciatis officiis sed saepe perferendis. Voluptatem adipisci in et dicta nihil.', 331, 9, 30, '2018-07-25 04:46:46', '2018-07-25 04:46:46'),
(82, 'fugiat', 'Ducimus cumque ut asperiores voluptates nisi dolorem enim. Dolorum impedit eligendi cumque in mollitia id. Molestiae voluptates cupiditate non mollitia est enim nemo.', 147, 0, 12, '2018-07-25 04:46:46', '2018-07-25 04:46:46'),
(83, 'quasi', 'Tempora sed aut laudantium excepturi ipsam. Sint nemo tenetur tempora. Sunt consequatur sint debitis.', 210, 4, 7, '2018-07-25 04:46:46', '2018-07-25 04:46:46'),
(84, 'ipsum', 'Velit cumque nobis mollitia dolores. Reprehenderit qui ipsum necessitatibus molestiae qui et. Id alias numquam eum illo cum ipsam eum.', 483, 9, 7, '2018-07-25 04:46:46', '2018-07-25 04:46:46'),
(85, 'sed', 'Modi voluptas dolores doloribus qui quia reiciendis excepturi. Sunt quia porro nesciunt omnis totam voluptas. Consequuntur non optio sint. Tempora accusamus quia id sed sapiente.', 152, 0, 21, '2018-07-25 04:46:46', '2018-07-25 04:46:46'),
(86, 'accusantium', 'Dolor et recusandae laborum facere totam distinctio. Omnis cum voluptatum ipsum eum. Voluptas molestiae ducimus sit veritatis totam voluptas. Ab omnis sit esse et possimus et.', 223, 8, 19, '2018-07-25 04:46:46', '2018-07-25 04:46:46'),
(87, 'dolorem', 'Perferendis consequatur dolorem voluptas molestias ea expedita alias. Enim eum omnis nihil provident. Et dolorem molestiae praesentium nostrum quod blanditiis vitae.', 911, 8, 5, '2018-07-25 04:46:46', '2018-07-25 04:46:46'),
(88, 'voluptas', 'Ea et ea voluptatem et fuga eius. Neque facere voluptatem et rerum. Vel quod aliquid alias. Voluptatem dolores nemo temporibus. Omnis sint sed in dignissimos.', 572, 8, 13, '2018-07-25 04:46:46', '2018-07-25 04:46:46'),
(89, 'placeat', 'Dolor officiis quia delectus suscipit. Ut provident rerum voluptas earum itaque. Voluptas autem officia sed impedit.', 437, 2, 29, '2018-07-25 04:46:46', '2018-07-25 04:46:46'),
(90, 'debitis', 'Magni minus rem laboriosam est delectus nam voluptatem. Enim voluptatum perferendis at quae laboriosam. Eos dicta non vel unde praesentium.', 570, 1, 4, '2018-07-25 04:46:46', '2018-07-25 04:46:46'),
(91, 'incidunt', 'Velit molestiae perferendis fugiat velit ipsum. Sequi impedit blanditiis sed. Vitae unde nesciunt non expedita distinctio. Ducimus blanditiis sint repudiandae rerum in aperiam.', 637, 6, 16, '2018-07-25 04:46:46', '2018-07-25 04:46:46'),
(92, 'ipsa', 'Rerum reiciendis ipsum consectetur. Voluptatem libero ea id. Voluptates iste maiores in expedita veritatis dicta beatae.', 661, 6, 26, '2018-07-25 04:46:46', '2018-07-25 04:46:46'),
(93, 'hic', 'Dolores consequatur atque unde inventore et unde. Vel qui quis fuga et ex porro consequuntur. Qui officia et quisquam vel.', 874, 2, 28, '2018-07-25 04:46:46', '2018-07-25 04:46:46'),
(94, 'tenetur', 'Et doloremque nobis minus dignissimos sed voluptas et. Aut voluptatum aut dignissimos fugiat. Corporis totam aut cupiditate tempore ut tenetur est qui.', 907, 9, 18, '2018-07-25 04:46:46', '2018-07-25 04:46:46'),
(95, 'illum', 'Maxime adipisci et fugiat vel doloribus ex aut. Et impedit magni rerum quo possimus cumque veritatis. Minima veniam sed neque optio blanditiis rerum. Deserunt exercitationem nemo asperiores omnis distinctio reprehenderit. Quia sint nostrum voluptate natus qui.', 396, 8, 28, '2018-07-25 04:46:46', '2018-07-25 04:46:46'),
(96, 'autem', 'Quibusdam quos eligendi praesentium debitis dolores porro. Impedit nam et fugit rerum. Fugiat error vel iure enim porro. Quo dolores dolores autem labore.', 584, 4, 9, '2018-07-25 04:46:46', '2018-07-25 04:46:46'),
(97, 'saepe', 'Est pariatur reprehenderit earum. Accusamus explicabo provident ipsam voluptatum sit sint. Sit est odio qui nostrum. Dolore rerum vitae vitae culpa eum eum.', 176, 6, 29, '2018-07-25 04:46:46', '2018-07-25 04:46:46'),
(98, 'deleniti', 'Nostrum placeat voluptatem veniam eum nulla. Veritatis similique inventore voluptatum est. Modi occaecati earum maiores velit quasi quo modi. Velit atque non ullam nam.', 958, 0, 10, '2018-07-25 04:46:46', '2018-07-25 04:46:46'),
(99, 'illum', 'Repellendus assumenda est aut accusantium ipsum labore. Quasi voluptate quisquam vel corporis. Blanditiis libero magnam non dolorem recusandae ab quibusdam.', 254, 9, 30, '2018-07-25 04:46:46', '2018-07-25 04:46:46'),
(100, 'velit', 'Ex aut molestiae fugit porro aspernatur reprehenderit veniam. Mollitia aut quam aliquid illo molestiae quod quisquam. Delectus rerum nisi inventore occaecati nobis.', 622, 5, 17, '2018-07-25 04:46:46', '2018-07-25 04:46:46');

-- --------------------------------------------------------

--
-- Структура таблицы `reviews`
--

CREATE TABLE `reviews` (
  `id` int(10) UNSIGNED NOT NULL,
  `product_id` int(10) UNSIGNED NOT NULL,
  `customer` varchar(255) COLLATE utf8mb4_unicode_ci NOT NULL,
  `review` text COLLATE utf8mb4_unicode_ci NOT NULL,
  `star` int(11) NOT NULL,
  `created_at` timestamp NULL DEFAULT NULL,
  `updated_at` timestamp NULL DEFAULT NULL
) ENGINE=InnoDB DEFAULT CHARSET=utf8mb4 COLLATE=utf8mb4_unicode_ci;

--
-- Дамп данных таблицы `reviews`
--

INSERT INTO `reviews` (`id`, `product_id`, `customer`, `review`, `star`, `created_at`, `updated_at`) VALUES
(1, 75, 'Mr. German Hickle V', 'Et unde dolor quidem aut exercitationem. Tenetur unde consequatur blanditiis omnis atque vel. Cum quasi sed quis quia commodi. Debitis quo tenetur dolores eos quia ut voluptatem aut.', 4, '2018-07-25 04:46:47', '2018-07-25 04:46:47'),
(2, 17, 'Lloyd Anderson', 'Inventore eos voluptas dignissimos atque. Est neque iusto saepe aut libero culpa sint. Nostrum impedit dolor rerum qui magnam sed ut. Optio est non repudiandae aspernatur id rerum consectetur.', 5, '2018-07-25 04:46:47', '2018-07-25 04:46:47'),
(3, 16, 'Ludwig Pollich', 'Pariatur incidunt libero iusto aut laudantium. Nihil voluptas mollitia cupiditate sed blanditiis tempora. Culpa et nihil laborum accusantium. Totam dolores molestiae aut. Eum voluptatem quasi est tenetur in.', 2, '2018-07-25 04:46:47', '2018-07-25 04:46:47'),
(4, 14, 'Nelle Kautzer', 'Quo veniam nemo quia accusamus voluptatibus voluptas id dolor. Rerum illo nihil quibusdam iusto. Saepe eveniet sint et maxime est. Ipsum numquam officia minima eum non tenetur. Vel voluptatem sed nihil iste.', 0, '2018-07-25 04:46:47', '2018-07-25 04:46:47'),
(5, 71, 'Muhammad Considine', 'Odio molestiae iure quaerat et quibusdam. Et voluptas sint necessitatibus quae. Laborum ratione voluptas nihil id at ut.', 4, '2018-07-25 04:46:47', '2018-07-25 04:46:47'),
(6, 26, 'Miss Isabelle Halvorson PhD', 'Distinctio quisquam harum nostrum enim sed. Quia aliquid nam eum est quia. Soluta molestiae facilis fugiat repudiandae aliquid.', 1, '2018-07-25 04:46:47', '2018-07-25 04:46:47'),
(7, 54, 'Prof. Yessenia Cole', 'Natus in natus unde id explicabo. Molestiae aspernatur qui voluptatem quia error. Nobis dolore et consequatur ex aspernatur blanditiis facilis. Quo dolorem nesciunt ex nihil quis impedit eos.', 2, '2018-07-25 04:46:47', '2018-07-25 04:46:47'),
(8, 74, 'Sabina Grady I', 'Animi totam exercitationem repellat inventore odit ipsam aliquid qui. Iste voluptates quae dolor velit. Inventore voluptatem ab quis blanditiis provident eum provident adipisci.', 1, '2018-07-25 04:46:47', '2018-07-25 04:46:47'),
(9, 35, 'Aurelio Veum', 'Et quaerat porro quia hic iure nulla. Sit ut officia illum soluta. Eaque ipsa dolorum ut odit neque. Provident veniam nostrum illum iure vitae.', 2, '2018-07-25 04:46:47', '2018-07-25 04:46:47'),
(10, 5, 'Prof. Anais Koss', 'Libero et iusto impedit consectetur accusantium quasi praesentium. Magni et nam quod praesentium reiciendis dolor quasi. Labore odit qui eos. Dolores magnam recusandae dolores voluptas consequatur. Nisi et dicta inventore ipsum quas.', 4, '2018-07-25 04:46:47', '2018-07-25 04:46:47'),
(11, 45, 'Prof. Bridie Green DDS', 'Sequi alias commodi consectetur. Dolorem cum possimus consectetur tempora accusamus voluptatem sit. Laborum similique totam est. Est et ipsa fugit voluptatem tenetur et.', 0, '2018-07-25 04:46:47', '2018-07-25 04:46:47'),
(12, 32, 'Prof. Emilio Doyle DVM', 'Voluptatem eos illo odit inventore occaecati beatae. Est omnis totam animi laborum eum minima. Necessitatibus explicabo autem at id est sit.', 5, '2018-07-25 04:46:47', '2018-07-25 04:46:47'),
(13, 30, 'Floy Abshire II', 'Sint veniam perspiciatis sint. A est sint id et qui. Eos aliquam accusamus dolor voluptates assumenda. Iure rerum pariatur repudiandae ut cumque hic.', 3, '2018-07-25 04:46:47', '2018-07-25 04:46:47'),
(14, 42, 'Kyleigh Homenick', 'Aspernatur voluptas cum iusto ab dolorem debitis. Voluptas harum harum eum et cupiditate est qui. At molestiae nulla quia ut enim. Et possimus aperiam laborum autem qui impedit rerum doloribus.', 0, '2018-07-25 04:46:47', '2018-07-25 04:46:47'),
(15, 69, 'Mya Oberbrunner III', 'Et est quia accusantium et asperiores repellendus. Unde ea ex qui quasi adipisci qui et. Earum vitae sequi aspernatur sed. Aut porro ut non natus eaque eum.', 4, '2018-07-25 04:46:47', '2018-07-25 04:46:47'),
(16, 46, 'Desmond Harber', 'Ipsam sapiente eos blanditiis labore doloremque vero quia. Quo repudiandae dolorem ut non. Culpa reprehenderit pariatur aperiam at debitis velit quis. Repellat voluptas reiciendis iure odio aut.', 2, '2018-07-25 04:46:47', '2018-07-25 04:46:47'),
(17, 83, 'Branson Wiza', 'Placeat dignissimos veniam delectus. Unde impedit dignissimos et vel est. Ipsum ab nesciunt et at. Maxime consectetur necessitatibus omnis ducimus laborum.', 3, '2018-07-25 04:46:47', '2018-07-25 04:46:47'),
(18, 76, 'Johathan Ziemann', 'Molestias recusandae sapiente nulla eveniet sapiente. Quae nulla aut sapiente et temporibus quidem. Quia nulla consequuntur et et temporibus. Doloremque voluptatem cum voluptate qui rerum recusandae.', 3, '2018-07-25 04:46:47', '2018-07-25 04:46:47'),
(19, 92, 'Mallory Casper I', 'Sunt nemo a omnis quia nemo aut ipsa. Est est vel ea pariatur et fuga. Dolorum voluptatibus quibusdam rerum reiciendis maiores consequatur praesentium. Eum sit non quia voluptate vero ut quos.', 1, '2018-07-25 04:46:47', '2018-07-25 04:46:47'),
(20, 17, 'Orion O\'Conner', 'Iure sapiente eos expedita. Similique deleniti perferendis aut eos eligendi. Voluptatem quisquam odit quo aut amet quasi sunt. Velit voluptatem exercitationem omnis sunt atque minima esse voluptatibus.', 3, '2018-07-25 04:46:47', '2018-07-25 04:46:47'),
(21, 18, 'Tremayne Bechtelar', 'Libero iste qui animi laborum quo. Tempore nihil saepe minima voluptatem impedit eveniet sunt. Velit quo sed commodi culpa. Tenetur eius quia officiis nulla sint officiis vero.', 2, '2018-07-25 04:46:47', '2018-07-25 04:46:47'),
(22, 8, 'Mrs. Yadira Wolf', 'Eum perferendis non a qui occaecati. Sed quaerat eum sunt omnis.', 1, '2018-07-25 04:46:47', '2018-07-25 04:46:47'),
(23, 49, 'Tony Jacobs', 'Autem tempora dolor quia quibusdam aut voluptate eos aut. Ea animi odit nostrum dolor totam iure. Eos odit repellendus eveniet sunt. Pariatur voluptatum vero deleniti itaque.', 1, '2018-07-25 04:46:47', '2018-07-25 04:46:47'),
(24, 43, 'Nathanael Stanton', 'Molestias nisi accusamus sit est eius doloremque voluptatem nam. Voluptas voluptatem et maiores quod ut doloremque sed quos. Dolores fugit dolorem maxime quas omnis tenetur eligendi. Illo voluptas cumque et aut.', 4, '2018-07-25 04:46:47', '2018-07-25 04:46:47'),
(25, 67, 'Adrain Hill', 'Fugit consequatur rerum harum incidunt qui maxime consequatur. Est perferendis dolores eum voluptatem necessitatibus eos natus. Omnis facilis molestias ullam velit dolorum veritatis. Eaque qui numquam voluptatem enim.', 0, '2018-07-25 04:46:47', '2018-07-25 04:46:47'),
(26, 61, 'Dr. Shana Kutch', 'Neque quae quia et tempore. Similique cum exercitationem dolor dolor. Culpa facere explicabo velit nam ratione occaecati dolor animi.', 1, '2018-07-25 04:46:47', '2018-07-25 04:46:47'),
(27, 44, 'Mr. Devon Renner PhD', 'Repellat minima quae consequatur incidunt minus. Quo velit porro et officiis consequatur. Exercitationem aut ducimus quae ut.', 4, '2018-07-25 04:46:47', '2018-07-25 04:46:47'),
(28, 66, 'Sean Larson', 'Dicta id incidunt molestiae voluptates voluptatem earum aperiam. Culpa eligendi accusamus quibusdam molestiae aliquid. Ut dolores quia cupiditate qui enim eum sed et. Qui et id fugiat soluta possimus quas temporibus.', 1, '2018-07-25 04:46:47', '2018-07-25 04:46:47'),
(29, 21, 'Fritz Olson Sr.', 'Architecto et doloribus et ipsam quia. Aut reiciendis delectus fugiat autem dolore ea. Minima sint itaque aut.', 2, '2018-07-25 04:46:47', '2018-07-25 04:46:47'),
(30, 61, 'Hassie Aufderhar', 'Qui delectus amet sed quis qui. Voluptatem sit voluptas eum beatae consectetur dolores. Voluptate qui eaque maiores saepe fugiat sed.', 1, '2018-07-25 04:46:47', '2018-07-25 04:46:47'),
(31, 7, 'Adaline Legros', 'Ea corrupti occaecati voluptas. Molestias modi qui aut ex. Nam sint fugit quas in dignissimos.', 3, '2018-07-25 04:46:47', '2018-07-25 04:46:47'),
(32, 34, 'Ines Ledner', 'Et est et harum facere perspiciatis rerum. Temporibus eos minima quos maiores explicabo a. Dolore ut assumenda laboriosam deleniti ipsam cumque perspiciatis quia. Omnis voluptatum corporis quibusdam officia.', 4, '2018-07-25 04:46:47', '2018-07-25 04:46:47'),
(33, 29, 'Brant Stark', 'Vitae accusantium qui quia incidunt. Vel voluptatem et error et enim at. Enim consectetur eum nihil quidem aliquam ut perferendis.', 4, '2018-07-25 04:46:47', '2018-07-25 04:46:47'),
(34, 81, 'Christophe Keebler', 'Consequuntur omnis et blanditiis at autem. Totam nulla fuga et blanditiis. Id tempora animi sint qui. Nemo corporis asperiores omnis voluptas porro quas pariatur facere.', 5, '2018-07-25 04:46:47', '2018-07-25 04:46:47'),
(35, 76, 'Madalyn Bartell', 'Et minima incidunt cum nihil minima et. Sit possimus error sunt ullam eaque. Itaque sed quaerat ut qui. Minus omnis quo suscipit distinctio tenetur aut vitae. Quidem ipsa corrupti odit iusto dolor aliquam quisquam consequatur.', 5, '2018-07-25 04:46:47', '2018-07-25 04:46:47'),
(36, 22, 'Rickie Nikolaus DDS', 'Omnis enim et veritatis cum. Minima optio nobis dolorem magni praesentium debitis architecto. Magnam incidunt et natus possimus odio aut eligendi.', 2, '2018-07-25 04:46:47', '2018-07-25 04:46:47'),
(37, 18, 'Dr. Kimberly Kris', 'Quibusdam ducimus minus ducimus maiores voluptatem nobis. Ratione molestiae eos modi aliquam vel. Doloribus rerum soluta ut laborum.', 2, '2018-07-25 04:46:47', '2018-07-25 04:46:47'),
(38, 39, 'Mr. Randall Kunze DDS', 'Odit voluptatem velit est. Voluptatem omnis minima et magni sequi qui. Dolorem doloribus in nihil molestias officia reiciendis. Ea quaerat non qui dolorem quo.', 0, '2018-07-25 04:46:47', '2018-07-25 04:46:47'),
(39, 42, 'Keegan Schmeler', 'Iure voluptas consequatur delectus voluptas non laborum illo. Voluptatem nemo quae commodi. Ut voluptas temporibus necessitatibus quibusdam iste cumque et.', 1, '2018-07-25 04:46:47', '2018-07-25 04:46:47'),
(40, 11, 'Maddison Satterfield', 'Sunt cumque enim atque id possimus sit. Quas possimus repellat culpa consequatur ut repellat rerum. Ducimus neque provident aperiam rerum laborum.', 0, '2018-07-25 04:46:47', '2018-07-25 04:46:47'),
(41, 58, 'Roosevelt Quitzon I', 'Voluptas perspiciatis at eos perspiciatis non est. Eos animi in blanditiis et cumque qui hic eos.', 1, '2018-07-25 04:46:47', '2018-07-25 04:46:47'),
(42, 3, 'Pascale Pagac', 'Inventore laudantium aliquid illo quas cum dolores at. Omnis sit impedit iste reprehenderit. Occaecati eum officiis eos facilis fugiat aut. Autem est placeat et nihil voluptas illo eaque.', 5, '2018-07-25 04:46:47', '2018-07-25 04:46:47'),
(43, 50, 'Moshe Heaney I', 'Suscipit illo suscipit pariatur est sit deserunt soluta. Rerum tempora ab id deleniti modi sed velit. Quidem quaerat voluptatem consequatur quos qui officiis aperiam et.', 2, '2018-07-25 04:46:48', '2018-07-25 04:46:48'),
(44, 2, 'Mrs. Kailey Hayes', 'Voluptas debitis ratione et magni. Quam magnam ducimus aperiam sunt totam iure. Soluta et ea aut quidem nihil laboriosam omnis voluptate. Accusantium itaque at dolorem iure et aperiam.', 3, '2018-07-25 04:46:48', '2018-07-25 04:46:48'),
(45, 74, 'Alberto Rempel', 'Libero est totam explicabo voluptatem enim sint. Corporis modi repellat ea. Numquam molestiae delectus iure impedit. Exercitationem voluptas voluptate quia commodi.', 1, '2018-07-25 04:46:48', '2018-07-25 04:46:48'),
(46, 3, 'Dr. Vanessa Cruickshank', 'Dignissimos quis fugit eos quis natus est. Earum voluptate quae enim delectus magnam ducimus iusto dolores. Error rerum soluta est amet.', 4, '2018-07-25 04:46:48', '2018-07-25 04:46:48'),
(47, 14, 'Helene Predovic DVM', 'Sit quia vitae sint quia ex dolores. Minima quidem corporis omnis et animi eum in. Aperiam et nihil aut voluptatibus sed aliquid vel praesentium.', 5, '2018-07-25 04:46:48', '2018-07-25 04:46:48'),
(48, 26, 'Syble Ebert', 'Animi aut qui vitae maxime sint provident tempora similique. Quia recusandae sunt dolor amet eius corporis. Et iusto sit a itaque odio eligendi nihil.', 2, '2018-07-25 04:46:48', '2018-07-25 04:46:48'),
(49, 82, 'Fabiola Ryan', 'Praesentium voluptas ullam vero alias numquam quaerat. Cumque deleniti ipsum quia qui neque in possimus. Aspernatur omnis voluptatibus consequatur distinctio fuga repellendus a. Explicabo esse ipsam ut. Dolores dolor expedita molestiae quaerat animi.', 3, '2018-07-25 04:46:48', '2018-07-25 04:46:48'),
(50, 43, 'Lillie Collier', 'Qui aut voluptatum nam doloribus. Commodi quia repellat ea dolores numquam. Qui vel numquam non aut minus voluptatem.', 4, '2018-07-25 04:46:48', '2018-07-25 04:46:48'),
(51, 99, 'Olga Cummings', 'Qui et rerum cum quis aut sapiente. Rerum recusandae voluptatem enim saepe vero. Laudantium eveniet culpa reiciendis.', 3, '2018-07-25 04:46:48', '2018-07-25 04:46:48'),
(52, 54, 'Mrs. Patsy Pacocha DDS', 'Voluptatibus eligendi qui amet. Occaecati dolorem et eum harum id. Nihil iusto vel cumque. Mollitia ut voluptas necessitatibus quisquam.', 4, '2018-07-25 04:46:48', '2018-07-25 04:46:48'),
(53, 55, 'Earline Rippin', 'Delectus aspernatur omnis vel voluptas placeat. Eos labore aperiam suscipit itaque id. Dolor architecto et beatae est eos facilis.', 1, '2018-07-25 04:46:48', '2018-07-25 04:46:48'),
(54, 68, 'Elmira Hauck', 'Dignissimos dolorem rerum veritatis dolores nesciunt consectetur nisi aut. Autem illo est inventore possimus. Dolorem omnis labore blanditiis omnis veniam magnam dolorum.', 0, '2018-07-25 04:46:48', '2018-07-25 04:46:48'),
(55, 62, 'Ms. Bettie Balistreri', 'Sapiente voluptate debitis ut quia ut optio eligendi. Est consectetur voluptatum eveniet et tempora quasi. Eligendi et temporibus molestiae enim. Nihil hic aut minus ipsa officia rerum.', 1, '2018-07-25 04:46:48', '2018-07-25 04:46:48'),
(56, 84, 'Lynn Strosin', 'Voluptatem vel voluptates et reiciendis dolores reiciendis. Labore et enim facilis esse et voluptatem. Rerum molestiae debitis ullam esse veritatis delectus. Inventore eos architecto perspiciatis inventore cum.', 3, '2018-07-25 04:46:48', '2018-07-25 04:46:48'),
(57, 69, 'Winnifred Frami', 'Numquam atque soluta ut reiciendis consequatur ut eveniet doloribus. Labore optio sint ratione ipsum sunt architecto at. Labore cum optio eum sed odit. Officiis hic aut laborum excepturi rerum commodi quos.', 3, '2018-07-25 04:46:48', '2018-07-25 04:46:48'),
(58, 10, 'Norwood Wuckert', 'Voluptas amet nihil excepturi dolores voluptatem rerum est ut. Nesciunt quia corporis earum. Et alias tempora temporibus perspiciatis voluptatibus culpa. Deleniti adipisci velit velit veritatis perspiciatis similique qui.', 3, '2018-07-25 04:46:48', '2018-07-25 04:46:48'),
(59, 96, 'Carter Volkman', 'Beatae occaecati culpa sit incidunt est sequi distinctio. Necessitatibus et et ut ut ipsam. Ducimus optio consectetur eos omnis quae.', 5, '2018-07-25 04:46:48', '2018-07-25 04:46:48'),
(60, 43, 'Zita Kassulke V', 'Harum sit quisquam non molestiae sed ducimus. Facilis quia esse enim dignissimos vel.', 3, '2018-07-25 04:46:48', '2018-07-25 04:46:48'),
(61, 13, 'Emmalee Quigley', 'Earum labore officiis nam magnam omnis velit. Error sint recusandae vero aut soluta. Ut est recusandae maxime rem exercitationem eligendi nulla at. Quia sint nihil suscipit sunt.', 5, '2018-07-25 04:46:48', '2018-07-25 04:46:48'),
(62, 72, 'Prof. Cora Schowalter', 'Vel itaque veritatis accusantium culpa. Corporis rerum nisi illo id. Dolor minus ut quisquam commodi libero iste impedit.', 4, '2018-07-25 04:46:48', '2018-07-25 04:46:48'),
(63, 84, 'Mrs. Zora Baumbach', 'Voluptatum dolor odio deserunt nulla earum mollitia nostrum. Consectetur quibusdam quia perferendis a. Sed pariatur aspernatur est doloremque eaque.', 2, '2018-07-25 04:46:48', '2018-07-25 04:46:48'),
(64, 41, 'Reynold Gulgowski', 'Suscipit vel perferendis consequuntur in hic consectetur a provident. Rerum vel ratione ut corrupti consequatur. Dolor quasi quia rerum quia velit sit dolorem est. Deserunt quod harum quod possimus iure. Quos iste dolor ut minima hic molestiae.', 2, '2018-07-25 04:46:48', '2018-07-25 04:46:48'),
(65, 36, 'Gene Weimann Jr.', 'Et porro deleniti rerum id non eius. Maxime rem sapiente nostrum non est sit harum. Reprehenderit ullam est aliquid. Molestiae sint sapiente nihil natus.', 1, '2018-07-25 04:46:48', '2018-07-25 04:46:48'),
(66, 84, 'Toby Prohaska', 'Eum saepe aut aut ullam tenetur. Minima aliquam veniam nulla aut voluptates. Quos laboriosam sed quaerat voluptatem delectus tenetur.', 4, '2018-07-25 04:46:48', '2018-07-25 04:46:48'),
(67, 97, 'Mrs. Santina Bayer PhD', 'Dolorem rerum qui rerum enim voluptatum asperiores et repudiandae. Quo quibusdam autem aut. Saepe sint sed et architecto expedita assumenda.', 5, '2018-07-25 04:46:48', '2018-07-25 04:46:48'),
(68, 7, 'Nannie Mayer', 'Et enim exercitationem necessitatibus earum omnis. Commodi impedit incidunt beatae nesciunt. Ut voluptatem asperiores nihil molestias quis voluptas inventore. Consequatur sapiente est ut quis aut consequatur.', 2, '2018-07-25 04:46:48', '2018-07-25 04:46:48'),
(69, 6, 'Miss Pat Little I', 'Consequatur doloremque magni voluptates mollitia est. Necessitatibus et non sit exercitationem. Sint autem consectetur placeat et id hic. Officiis maxime et quasi aliquam.', 3, '2018-07-25 04:46:48', '2018-07-25 04:46:48'),
(70, 70, 'Jake Fay', 'Deserunt dolorum ut consequuntur sit voluptates corrupti. Ea culpa quia aut necessitatibus beatae eaque blanditiis. Eos et aut quia mollitia. Ut sit nihil exercitationem consequuntur quo quia iusto.', 1, '2018-07-25 04:46:48', '2018-07-25 04:46:48'),
(71, 71, 'Austyn Runte MD', 'Atque assumenda voluptatem consectetur. Nihil fugiat dolores sunt quibusdam vero. Qui dolor tenetur vel repudiandae.', 3, '2018-07-25 04:46:48', '2018-07-25 04:46:48'),
(72, 54, 'Prof. Trudie Swift', 'Qui alias ab sit dolores autem aut aut. Iste blanditiis rerum suscipit et ut vitae sunt. Quae vitae iure molestiae cum in exercitationem. Ea nihil exercitationem sunt ut.', 4, '2018-07-25 04:46:48', '2018-07-25 04:46:48'),
(73, 8, 'Kathryne Beatty', 'Officia dicta neque mollitia qui sed. Enim eos architecto tempore ut dignissimos voluptatem sit.', 1, '2018-07-25 04:46:48', '2018-07-25 04:46:48'),
(74, 2, 'Mrs. Mattie Altenwerth III', 'Odit eius et et officiis et voluptatem. Et sint et quo sed. Enim similique voluptatem libero ullam temporibus qui in.', 0, '2018-07-25 04:46:48', '2018-07-25 04:46:48'),
(75, 73, 'Prof. Dewitt Prosacco', 'Laboriosam nulla temporibus modi provident. Harum eius eligendi modi dolor vel. Quo qui rerum recusandae nobis ipsum exercitationem. Qui autem est aliquid tempora et quod. Velit commodi et fuga laudantium blanditiis non dolor.', 2, '2018-07-25 04:46:48', '2018-07-25 04:46:48'),
(76, 27, 'Prof. Newton Dibbert', 'Aut alias qui cumque. Corporis ratione alias accusamus vel enim. Tenetur sed consequatur amet molestiae ut quam. Velit voluptatem ex illo repellendus.', 0, '2018-07-25 04:46:48', '2018-07-25 04:46:48'),
(77, 75, 'Miss Pat Dach', 'Nam earum dolorem non excepturi. Rerum vel ut corporis ut necessitatibus. Beatae qui quasi voluptas dicta vel tempore est. Odio ullam expedita expedita eveniet qui.', 0, '2018-07-25 04:46:48', '2018-07-25 04:46:48'),
(78, 44, 'Kevin McDermott DVM', 'Eum tempora cum nisi. Quia temporibus unde ducimus dolore nemo aut. Molestiae consequuntur sunt nulla illum cumque quisquam unde minima. Nihil omnis nemo ad aut quisquam eius sed.', 3, '2018-07-25 04:46:48', '2018-07-25 04:46:48'),
(79, 77, 'Prof. Kaitlin Schaden', 'Impedit facere ea sit qui incidunt voluptatum. Possimus dolores nihil sequi inventore sed animi. Dolores labore atque tenetur nulla quisquam eum et. Ut expedita atque aut ducimus quo consequatur molestiae.', 1, '2018-07-25 04:46:48', '2018-07-25 04:46:48'),
(80, 36, 'Reagan Douglas III', 'Ipsum fuga maxime incidunt ut a quam quia. Veniam sunt dicta voluptates iusto assumenda in ab. Ut quam ad est magni animi et est.', 2, '2018-07-25 04:46:48', '2018-07-25 04:46:48'),
(81, 31, 'Bethany Kutch', 'Modi quis velit dolorum. Expedita ad magnam dicta quia. Vel maxime non sint vel placeat mollitia. Dolorem similique qui sit reiciendis quam.', 5, '2018-07-25 04:46:48', '2018-07-25 04:46:48'),
(82, 23, 'Prof. Linnea Veum PhD', 'Et beatae excepturi numquam id commodi. Earum assumenda repudiandae dolores quia sapiente. Voluptatem ab assumenda esse in molestiae officia. Praesentium dolor velit sunt. Est saepe nisi ex quas sequi.', 4, '2018-07-25 04:46:48', '2018-07-25 04:46:48'),
(83, 57, 'Dr. Lois Leuschke', 'Numquam reiciendis ea aliquid nam ad officia nulla minus. Dolor aperiam sapiente qui saepe autem qui. Illo nemo veniam cum aut.', 4, '2018-07-25 04:46:48', '2018-07-25 04:46:48'),
(84, 15, 'Mr. Jayce Gleason III', 'Aperiam quia impedit sed aut. Unde ipsa dolores iste officia. Impedit voluptate voluptatem incidunt doloribus aut ullam.', 3, '2018-07-25 04:46:48', '2018-07-25 04:46:48'),
(85, 55, 'Dr. Jerod Steuber', 'Laudantium porro autem inventore sunt perspiciatis. Iure reprehenderit illo explicabo maiores vel rerum. Error id incidunt numquam facere.', 1, '2018-07-25 04:46:48', '2018-07-25 04:46:48'),
(86, 95, 'Emmie Flatley', 'Aut sed odio qui sunt. Quisquam consectetur molestiae autem vero similique doloribus aliquid. Possimus quo dolores ab aspernatur velit sit at voluptatem.', 3, '2018-07-25 04:46:48', '2018-07-25 04:46:48'),
(87, 34, 'Katherine Keeling', 'Voluptas corrupti quas explicabo vitae dicta. Fugit doloremque sit et aperiam fugit blanditiis. Porro illum saepe rem tenetur. Perferendis qui doloribus et quod accusantium consequatur deleniti.', 5, '2018-07-25 04:46:48', '2018-07-25 04:46:48'),
(88, 33, 'Vern Zboncak', 'Quam ipsa dolor aspernatur aspernatur quia quam asperiores. Iusto quam veritatis in id vitae repellat asperiores tempore. Quo repellat error est qui.', 1, '2018-07-25 04:46:48', '2018-07-25 04:46:48'),
(89, 37, 'Damian Mayer', 'Eos quia quibusdam sunt ut laborum cupiditate. Aut est et ea aut aliquid sit ut. Ut reprehenderit aspernatur enim blanditiis architecto omnis incidunt. Ipsum voluptas saepe et voluptates.', 0, '2018-07-25 04:46:48', '2018-07-25 04:46:48'),
(90, 37, 'Mrs. Hermina Nolan IV', 'Quas voluptate iusto doloribus est dolorem qui cum. Dolores qui odio eum et soluta. Quas tenetur nisi repellat animi.', 0, '2018-07-25 04:46:48', '2018-07-25 04:46:48'),
(91, 63, 'Dameon Connelly', 'Earum blanditiis autem quis. Natus corrupti iusto debitis velit. Nihil illum temporibus soluta dolorum. Eligendi tempora consectetur placeat hic sint incidunt.', 3, '2018-07-25 04:46:48', '2018-07-25 04:46:48'),
(92, 2, 'Prof. Stefanie Sauer', 'Et aspernatur delectus at. Provident atque quos eum sapiente architecto sit. Perferendis quia itaque atque id quo. Non ut mollitia occaecati dolor iure aut.', 2, '2018-07-25 04:46:49', '2018-07-25 04:46:49'),
(93, 5, 'Jermain Predovic III', 'Itaque est dolorem sunt dolorum. Nisi tenetur sequi non at voluptatem pariatur. Molestiae asperiores id quasi rerum ab et quidem.', 0, '2018-07-25 04:46:49', '2018-07-25 04:46:49'),
(94, 16, 'Letha Stark', 'Soluta ea rerum sint aut eos. Dolor possimus quaerat sed at. Deleniti reiciendis et sunt consequatur voluptas incidunt. Animi aspernatur voluptatem rerum alias ut.', 5, '2018-07-25 04:46:49', '2018-07-25 04:46:49'),
(95, 18, 'Prof. Mable Bode MD', 'Et quo repellat enim et minus illo. Omnis cupiditate quibusdam dolorem et. Neque et itaque nisi quia corporis. Id natus qui sunt commodi est molestiae. Incidunt placeat atque deleniti et rerum adipisci.', 2, '2018-07-25 04:46:49', '2018-07-25 04:46:49'),
(96, 60, 'Dillan Paucek', 'Corporis reiciendis et nobis aliquam. Laboriosam rem quo possimus at. Asperiores inventore quae illum qui. Consectetur dolores sit sint animi quia quisquam.', 5, '2018-07-25 04:46:49', '2018-07-25 04:46:49'),
(97, 73, 'Lawson Harris', 'Sed cum assumenda laudantium cum. Sed ut voluptatem inventore neque.', 3, '2018-07-25 04:46:49', '2018-07-25 04:46:49'),
(98, 57, 'Mr. Nathanael Gusikowski PhD', 'Velit incidunt sit est molestiae nam et. Et distinctio voluptatum sit esse ratione nam non. Et pariatur voluptatum saepe aspernatur est enim.', 3, '2018-07-25 04:46:49', '2018-07-25 04:46:49'),
(99, 13, 'Jedediah Will', 'Dolorum est rerum sit consequuntur. Sequi ratione eos neque reprehenderit molestiae qui neque ut. Doloremque aspernatur porro veniam est reiciendis sunt possimus. Officiis sed unde voluptatem et cum sit.', 0, '2018-07-25 04:46:49', '2018-07-25 04:46:49'),
(100, 5, 'Mrs. Lolita Ankunding DVM', 'Porro voluptatem accusantium necessitatibus magni. Facere rerum debitis architecto id. Facilis qui quia voluptatem alias. Et ut et doloremque id.', 1, '2018-07-25 04:46:49', '2018-07-25 04:46:49'),
(101, 90, 'Vernon Koss', 'Facilis voluptates aut reiciendis consequatur pariatur iusto minima. Quo dolorum repudiandae sit commodi at dolorem architecto.', 1, '2018-07-25 04:46:49', '2018-07-25 04:46:49'),
(102, 100, 'Aryanna Stehr III', 'Maxime quidem laboriosam molestiae aliquid. Voluptates ullam necessitatibus ut. Et temporibus voluptates quo voluptas veritatis facilis.', 0, '2018-07-25 04:46:49', '2018-07-25 04:46:49'),
(103, 79, 'Ila Swift', 'Omnis quo voluptatem et quibusdam ullam. Inventore accusantium soluta commodi fugit accusamus.', 3, '2018-07-25 04:46:49', '2018-07-25 04:46:49'),
(104, 25, 'Madaline Bailey', 'Aut dolorem molestiae fuga molestias. Iure illum et nesciunt aliquid maiores. Possimus et libero sint qui.', 4, '2018-07-25 04:46:49', '2018-07-25 04:46:49'),
(105, 83, 'Casandra Ruecker DVM', 'Corporis earum minus ut sint ducimus. Optio et explicabo ut. Laborum consequatur ut laboriosam unde. Sint natus nam id eum.', 2, '2018-07-25 04:46:49', '2018-07-25 04:46:49'),
(106, 65, 'Brody Hettinger', 'Eligendi assumenda expedita explicabo deleniti maxime quam sed. Deserunt vel et delectus quae.', 4, '2018-07-25 04:46:49', '2018-07-25 04:46:49'),
(107, 94, 'Elenora Bradtke', 'Qui quis provident ut doloribus quia dolore praesentium. Illum rem quis voluptates et ipsum recusandae voluptas. Qui unde rerum et nostrum. Repellat quia aut blanditiis quo aut qui. Et laboriosam necessitatibus quia et aliquid aut odio.', 2, '2018-07-25 04:46:49', '2018-07-25 04:46:49'),
(108, 23, 'Dr. Jeffrey Lueilwitz II', 'Sit quos illum dolorem quam illo voluptatem. Et eligendi quo corrupti molestiae eum voluptatem cum. Illo ea itaque nihil voluptates aut aut.', 0, '2018-07-25 04:46:49', '2018-07-25 04:46:49'),
(109, 25, 'Alycia Johnston', 'Voluptatem asperiores voluptatem animi dolorum accusamus et. Sint sed voluptatem quos repellendus numquam sed ut. Porro est atque et reprehenderit quas deleniti. Nihil commodi nemo ullam vero ipsum provident eaque est. Sunt quibusdam ea perspiciatis at.', 2, '2018-07-25 04:46:49', '2018-07-25 04:46:49'),
(110, 49, 'Piper Schumm', 'Aliquam quo inventore accusantium rerum enim delectus. Consequuntur et sequi corrupti quis. Quia dolorem natus quia ut est corporis.', 4, '2018-07-25 04:46:49', '2018-07-25 04:46:49'),
(111, 64, 'Faye Greenfelder PhD', 'Aliquam vitae aliquid aspernatur enim sunt autem voluptatem. Ut consequuntur in reprehenderit occaecati dolorem quo. Ad laborum ea aut placeat. Dignissimos eos eius suscipit quia officia necessitatibus fugit.', 0, '2018-07-25 04:46:49', '2018-07-25 04:46:49'),
(112, 43, 'Ms. Pink Bailey V', 'At ullam itaque et sunt occaecati mollitia voluptas qui. Itaque repellendus sint voluptas qui. Aspernatur iure consequatur eos incidunt. Vero molestiae deserunt neque alias aut.', 0, '2018-07-25 04:46:49', '2018-07-25 04:46:49'),
(113, 32, 'Mr. Jevon Cormier PhD', 'Quo sint sequi qui sed nam similique nesciunt qui. Alias vel earum libero autem in illo eum vel.', 2, '2018-07-25 04:46:49', '2018-07-25 04:46:49'),
(114, 74, 'Mr. Harold Langosh Sr.', 'Ut quisquam ut neque illo impedit et deleniti. Atque quae beatae sed aut rerum ratione modi. Sint at sapiente vitae earum voluptatem. Vitae quis magnam rerum voluptatem.', 3, '2018-07-25 04:46:49', '2018-07-25 04:46:49'),
(115, 51, 'Loren Hahn DVM', 'Minus assumenda doloremque pariatur voluptatem quos. Id nulla explicabo assumenda eveniet enim eum. Fugit nesciunt et enim aut numquam. Laboriosam et optio voluptatem autem omnis sed eius. Doloribus ducimus doloribus fuga sunt.', 3, '2018-07-25 04:46:49', '2018-07-25 04:46:49'),
(116, 21, 'Esta O\'Connell', 'Et pariatur dicta eaque est. Rerum est ducimus animi. Sit sed quis vero. Et vitae soluta asperiores omnis vel velit quae.', 1, '2018-07-25 04:46:49', '2018-07-25 04:46:49'),
(117, 95, 'Garfield Rodriguez I', 'Est ipsa quos enim aut. Illo sint voluptas reprehenderit quae tempore aut. Exercitationem vitae vitae cupiditate ut delectus quo maiores. Exercitationem quas facilis corrupti laborum ullam similique sit pariatur.', 4, '2018-07-25 04:46:49', '2018-07-25 04:46:49'),
(118, 19, 'Gloria Russel', 'Dolorem officiis et ex molestiae. Maxime optio ut quis illo. Sapiente ut ad facere fugit ipsum ducimus.', 4, '2018-07-25 04:46:49', '2018-07-25 04:46:49'),
(119, 4, 'Maud Johnson', 'Qui delectus omnis velit vel excepturi quis. Culpa sint amet sed maiores voluptas cumque dolore. Repudiandae distinctio error aut fugiat ea provident voluptatibus. Nisi deserunt sunt culpa saepe ad nam adipisci. Dolore quia architecto et autem tenetur.', 0, '2018-07-25 04:46:49', '2018-07-25 04:46:49'),
(120, 37, 'Katelin Murphy', 'Quo ut similique quaerat aut eius sed dolor nisi. Quam totam iusto minus incidunt. Omnis perspiciatis qui iusto deserunt.', 3, '2018-07-25 04:46:49', '2018-07-25 04:46:49'),
(121, 22, 'Madelyn Bailey', 'Soluta iure quaerat vel voluptates beatae itaque odit. Facere deleniti ullam et perspiciatis. Mollitia ab ullam sed. Et laudantium sed deserunt commodi cum adipisci culpa.', 0, '2018-07-25 04:46:49', '2018-07-25 04:46:49'),
(122, 52, 'Alexane Cole', 'Dolor maxime quas et quasi expedita fugiat. Fugiat harum non cupiditate. Velit dolores quaerat non eius dolore beatae dolores.', 3, '2018-07-25 04:46:49', '2018-07-25 04:46:49'),
(123, 94, 'Madeline Price II', 'Omnis nesciunt voluptate ea voluptas quis id ipsum. In voluptas aut sint maxime dolor et voluptatem. Quibusdam molestias rem et. Omnis magnam consequuntur ratione necessitatibus corporis.', 2, '2018-07-25 04:46:49', '2018-07-25 04:46:49'),
(124, 2, 'Aryanna Koch', 'Consequatur explicabo nobis sit molestiae facere illum esse. Repudiandae maxime perspiciatis non consequatur modi voluptatibus in deserunt. Fuga ex libero est iure eveniet qui.', 3, '2018-07-25 04:46:49', '2018-07-25 04:46:49'),
(125, 19, 'Jake Wintheiser', 'Alias maxime esse autem nihil perferendis itaque. Libero dolores deserunt ut et dolores reiciendis earum. Repellat dolorem sed omnis.', 0, '2018-07-25 04:46:49', '2018-07-25 04:46:49'),
(126, 48, 'Hayden Metz I', 'Ipsa veniam repudiandae sunt voluptatum porro tempore cumque alias. Sapiente odio et nesciunt impedit assumenda provident qui. Laborum atque autem nostrum quae quibusdam.', 2, '2018-07-25 04:46:49', '2018-07-25 04:46:49'),
(127, 69, 'Adolphus Herzog', 'Dolor et optio reprehenderit voluptatem maiores. Enim quam exercitationem provident adipisci. Exercitationem eum ducimus illo. Eveniet sed rem qui magni amet sequi.', 2, '2018-07-25 04:46:49', '2018-07-25 04:46:49'),
(128, 84, 'Fabiola Koelpin', 'Eum modi inventore sit ad eaque necessitatibus eveniet dolorem. Et aut est ea animi hic qui provident. Laborum voluptatum ea debitis facere quibusdam. Temporibus totam dolorem sequi sed.', 4, '2018-07-25 04:46:49', '2018-07-25 04:46:49'),
(129, 34, 'Keon Considine DVM', 'Deserunt facere et explicabo iste. Facere non quo et non et. Sit suscipit omnis molestias et voluptatem aperiam necessitatibus dolore.', 5, '2018-07-25 04:46:49', '2018-07-25 04:46:49'),
(130, 21, 'Wyatt Thompson III', 'Earum hic quia impedit aliquid facere similique aspernatur. Unde sed harum eos quaerat quos eum quos. Et omnis provident omnis possimus amet expedita esse ipsum.', 5, '2018-07-25 04:46:49', '2018-07-25 04:46:49'),
(131, 13, 'Mr. Allan Roob', 'Magnam nesciunt modi doloremque est qui et. Dolor natus unde voluptas adipisci optio eveniet quia. At velit est est qui dolorum quae deleniti.', 3, '2018-07-25 04:46:49', '2018-07-25 04:46:49'),
(132, 8, 'Jack Dibbert Sr.', 'Dicta et adipisci illo placeat sunt dolorem consequuntur. Reprehenderit autem debitis aut debitis corrupti.', 2, '2018-07-25 04:46:49', '2018-07-25 04:46:49'),
(133, 35, 'Emanuel Eichmann', 'Fugit iure dolor eos nesciunt eos placeat. Et vel nihil qui. Libero facere et est consequatur. Cumque quam excepturi delectus vitae.', 3, '2018-07-25 04:46:49', '2018-07-25 04:46:49'),
(134, 50, 'Isai Schneider', 'Blanditiis velit ullam mollitia quis fuga. Est corporis non enim. Enim architecto voluptatem consequatur autem omnis earum. Voluptas cupiditate quis quae mollitia nisi quae.', 1, '2018-07-25 04:46:49', '2018-07-25 04:46:49'),
(135, 27, 'Prof. Thelma Koepp', 'Perferendis totam praesentium hic aut minima. Quo perspiciatis ratione odio numquam aspernatur accusamus consequatur. Tempora sunt ut voluptatem nobis.', 3, '2018-07-25 04:46:49', '2018-07-25 04:46:49'),
(136, 41, 'Ms. Cheyanne Armstrong', 'Officia amet deleniti suscipit. Facere praesentium occaecati accusantium velit deserunt. Tempore nobis qui laboriosam cupiditate.', 4, '2018-07-25 04:46:49', '2018-07-25 04:46:49'),
(137, 53, 'Ms. Felicia Reinger', 'Molestiae a debitis aliquam. Temporibus dolorum aliquid ex nobis perspiciatis. Earum rerum eum error voluptatem atque. Mollitia tempora totam qui adipisci et cumque. Impedit optio nisi dolorem itaque similique quas.', 4, '2018-07-25 04:46:49', '2018-07-25 04:46:49'),
(138, 19, 'Rogers Predovic', 'Laudantium laboriosam ipsum eum vitae quia necessitatibus provident. Itaque debitis eum eos odit sit sit. Eius quia vero est et.', 4, '2018-07-25 04:46:49', '2018-07-25 04:46:49'),
(139, 99, 'Terence Bergstrom MD', 'Quisquam laudantium animi ut repellendus voluptatem voluptas dolor. Natus occaecati ut odit eveniet. Eos magni iste est rem. Ut beatae enim perspiciatis et quia voluptas qui.', 1, '2018-07-25 04:46:49', '2018-07-25 04:46:49'),
(140, 9, 'Dr. Darian Kassulke MD', 'Dolores non eos odit qui consequatur. Veritatis et omnis aspernatur aut ut quisquam fugit. Sunt exercitationem error in sit modi.', 0, '2018-07-25 04:46:49', '2018-07-25 04:46:49'),
(141, 60, 'Dortha Rowe', 'Error sunt perspiciatis totam et corrupti non aliquid. Minima ea voluptas expedita enim voluptatem voluptatem. Omnis voluptatem dolor ex unde dolor. Sapiente ea facere asperiores deleniti ducimus qui molestias.', 3, '2018-07-25 04:46:49', '2018-07-25 04:46:49'),
(142, 76, 'Hester West II', 'Qui atque neque consequatur ut culpa exercitationem voluptatem. Fuga beatae eaque delectus eos officiis. Dolor rerum sit quis voluptatem suscipit maxime.', 3, '2018-07-25 04:46:49', '2018-07-25 04:46:49'),
(143, 60, 'Antonetta Oberbrunner', 'Aut odio sequi nobis quis alias autem explicabo. Incidunt quam maxime cupiditate consectetur quas voluptas aliquid.', 0, '2018-07-25 04:46:49', '2018-07-25 04:46:49'),
(144, 74, 'Terrill Renner', 'Dolorem distinctio quo recusandae quis tempora. Sit aut saepe deleniti placeat. Ullam consequuntur et sunt et aut quasi rem.', 5, '2018-07-25 04:46:49', '2018-07-25 04:46:49'),
(145, 18, 'Estrella O\'Kon IV', 'Voluptas provident sed sit rerum aut illo quis. Qui voluptatibus velit odit. Harum eligendi et quis vel repudiandae qui.', 0, '2018-07-25 04:46:49', '2018-07-25 04:46:49'),
(146, 85, 'Liliana Gutkowski', 'Deserunt qui id aut ex eligendi eaque. Sint commodi aut alias necessitatibus voluptatem. Qui possimus qui similique corrupti voluptatem perferendis.', 3, '2018-07-25 04:46:49', '2018-07-25 04:46:49'),
(147, 6, 'Friedrich Welch PhD', 'Magnam aliquam voluptatem quia reprehenderit eos beatae accusamus. Rerum dignissimos autem itaque magnam. Voluptates est qui vel a ea qui.', 3, '2018-07-25 04:46:49', '2018-07-25 04:46:49'),
(148, 14, 'Mireille Upton', 'Harum tempore veniam aut tempora quae. Debitis et dignissimos accusamus consequatur dolore ut porro. Maxime nobis nihil ipsam sit nostrum et nemo.', 1, '2018-07-25 04:46:50', '2018-07-25 04:46:50'),
(149, 83, 'Desiree Harris', 'Recusandae et ut sunt. Tempore non consectetur odio atque aut sed praesentium. In porro eum ex. In quis officia et dolorem possimus dolorem quo.', 4, '2018-07-25 04:46:50', '2018-07-25 04:46:50'),
(150, 75, 'Meta Ankunding', 'Inventore quo sed laudantium quidem libero. Rerum earum dolores autem repudiandae. Libero fugiat sed voluptatibus enim autem aspernatur quibusdam.', 2, '2018-07-25 04:46:50', '2018-07-25 04:46:50'),
(151, 57, 'Emmie Bahringer', 'Et consequatur voluptate rerum voluptatem deserunt. Incidunt voluptates dignissimos neque suscipit. Aliquam non fuga iusto odio eaque harum rerum aut. Dolor cum odit autem quibusdam cupiditate. Numquam ex ut harum velit vitae.', 1, '2018-07-25 04:46:50', '2018-07-25 04:46:50'),
(152, 47, 'Mrs. Jody Toy Sr.', 'Suscipit vel voluptas totam exercitationem assumenda. Voluptate ratione exercitationem molestiae minus nostrum facilis. Iusto voluptas illo alias. Dolorem ut iste in provident sed.', 5, '2018-07-25 04:46:50', '2018-07-25 04:46:50'),
(153, 64, 'Mr. Raul VonRueden', 'Aut ab doloribus molestiae vero iste omnis officiis. Dolores nobis dolores accusamus suscipit et unde rerum. Officia quae quis libero magnam. Ipsa quia ut voluptatem eum.', 2, '2018-07-25 04:46:50', '2018-07-25 04:46:50'),
(154, 95, 'Lavinia Baumbach', 'Inventore enim velit praesentium est. Magni consequatur sed reprehenderit qui iusto unde accusamus. Placeat unde corporis omnis totam corrupti et.', 5, '2018-07-25 04:46:50', '2018-07-25 04:46:50'),
(155, 14, 'Ms. Ozella Quitzon PhD', 'Repudiandae dolores eum ducimus quia rerum sit quos. Qui nisi sit voluptas cum voluptatem. Quia et sequi omnis nemo soluta.', 0, '2018-07-25 04:46:50', '2018-07-25 04:46:50'),
(156, 99, 'Willow Windler', 'Nobis alias tempora mollitia consequuntur corrupti. Atque amet velit earum quo a rerum est blanditiis. Ipsum perferendis placeat qui sapiente quo iste. Quasi consequatur commodi cum dolorum aliquam assumenda mollitia.', 0, '2018-07-25 04:46:50', '2018-07-25 04:46:50'),
(157, 92, 'Berry Bergstrom V', 'Similique dolores rem quia et libero. Rerum et quia ea nemo. Cupiditate exercitationem voluptate qui fuga.', 0, '2018-07-25 04:46:50', '2018-07-25 04:46:50'),
(158, 46, 'Stone Thiel', 'Magnam alias similique vel optio illum voluptatem distinctio. Debitis doloremque temporibus ut dolores eos aut repudiandae quas. Officia et repellat enim possimus.', 5, '2018-07-25 04:46:50', '2018-07-25 04:46:50'),
(159, 58, 'Christiana Rutherford PhD', 'Quo molestiae aut veniam hic eos repellendus accusantium. Aut autem rerum culpa. Vitae dolor vitae similique id est autem. Quasi ab sit tenetur provident.', 5, '2018-07-25 04:46:50', '2018-07-25 04:46:50'),
(160, 99, 'Lonie Kuhic I', 'Ipsum iure sed sed ut provident incidunt repudiandae et. Delectus est deserunt odit temporibus ut. Dolor ipsum et minima quia porro. Nihil est laboriosam voluptas dignissimos ut blanditiis.', 4, '2018-07-25 04:46:50', '2018-07-25 04:46:50'),
(161, 87, 'Vicky Stark', 'Placeat consequatur id aliquid ex autem voluptas quia. Ab et eos et explicabo dolore vel.', 1, '2018-07-25 04:46:50', '2018-07-25 04:46:50'),
(162, 10, 'Jeramie Paucek', 'Ut perspiciatis ea officia quos. Laborum quas occaecati exercitationem minus tenetur recusandae rerum. Sequi nobis aut quis rerum omnis aut. Dicta et dolore quam.', 1, '2018-07-25 04:46:50', '2018-07-25 04:46:50'),
(163, 7, 'Clarabelle Gibson', 'Voluptates sapiente possimus alias doloremque non rerum a tempore. Ipsa accusantium numquam voluptatibus. Tenetur et ipsa laudantium excepturi molestias eius aut. Ex quod molestiae vel enim voluptatem labore dicta architecto.', 4, '2018-07-25 04:46:50', '2018-07-25 04:46:50'),
(164, 59, 'Shad Abbott', 'Quasi deleniti quis est eaque. Pariatur est expedita id recusandae eos. Veniam voluptate qui aut voluptas reiciendis odio. Vitae repellat voluptatem voluptatem unde.', 1, '2018-07-25 04:46:50', '2018-07-25 04:46:50'),
(165, 89, 'Helena Bayer PhD', 'Voluptas est aut accusamus et id ut. Impedit fugiat illo aliquam nisi adipisci sit. Mollitia in eos recusandae cupiditate accusamus.', 2, '2018-07-25 04:46:50', '2018-07-25 04:46:50'),
(166, 22, 'Kareem Bauch', 'Id dignissimos qui cupiditate voluptatem ut voluptatem quis. Ipsam quidem recusandae ad alias blanditiis. Voluptatum eaque ea esse totam necessitatibus quia enim. Laboriosam magnam nihil dolor deleniti nemo culpa libero delectus.', 1, '2018-07-25 04:46:50', '2018-07-25 04:46:50'),
(167, 1, 'Donald O\'Kon', 'Est iusto ut illum tempora soluta. Beatae a eius aut fuga quis. Quo porro quia nisi cupiditate quis aut et.', 0, '2018-07-25 04:46:50', '2018-07-25 04:46:50'),
(168, 73, 'Andrew O\'Conner', 'Accusamus et modi consequuntur nulla. Aut autem a rem saepe voluptate non. Voluptates iste aut rerum corrupti quia omnis et. Eos quas esse vitae ut.', 5, '2018-07-25 04:46:50', '2018-07-25 04:46:50'),
(169, 88, 'Frederik Kuhn', 'Illo non quas similique rerum inventore. Et sed recusandae dolorem fuga placeat natus veniam.', 3, '2018-07-25 04:46:50', '2018-07-25 04:46:50'),
(170, 78, 'Prof. Andy Kreiger Sr.', 'Itaque accusantium voluptate maiores deleniti perspiciatis. Et velit nostrum vero laudantium vel est inventore vero. Iste dolorem accusantium praesentium et consequuntur ad. Enim culpa assumenda consequatur consequuntur est.', 4, '2018-07-25 04:46:50', '2018-07-25 04:46:50'),
(171, 21, 'Sterling Gaylord', 'Non facilis numquam minus veritatis deserunt possimus sit. Molestias beatae autem ipsa rem reiciendis. Est voluptas omnis quae voluptas explicabo.', 5, '2018-07-25 04:46:50', '2018-07-25 04:46:50'),
(172, 33, 'Mathew Maggio PhD', 'Omnis recusandae quo in. Ipsum et nisi voluptatum soluta. Incidunt eum aut adipisci.', 3, '2018-07-25 04:46:50', '2018-07-25 04:46:50'),
(173, 87, 'Larue Harris', 'Praesentium facere maxime occaecati sit autem aspernatur. Aperiam consequatur numquam et et.', 5, '2018-07-25 04:46:50', '2018-07-25 04:46:50'),
(174, 68, 'Prof. Stefan Kassulke', 'Enim eaque quis nesciunt natus et. Ut beatae voluptatem fugiat omnis animi necessitatibus. Ipsam ea incidunt sit earum et quis. A sunt ut odit omnis reprehenderit ab.', 0, '2018-07-25 04:46:50', '2018-07-25 04:46:50'),
(175, 89, 'Maybell Schowalter', 'Rerum est dolor voluptates et error eum. Cum dignissimos aut non facere dicta corrupti natus. Nam sit consequatur voluptatum suscipit facere sed a praesentium. Aut aspernatur veritatis aut sunt.', 5, '2018-07-25 04:46:50', '2018-07-25 04:46:50'),
(176, 13, 'Opal Farrell DDS', 'Vel eius rerum officia magni sed dolor sed. Earum nihil in dolor atque molestias quisquam. Nemo amet commodi assumenda non temporibus officiis.', 3, '2018-07-25 04:46:50', '2018-07-25 04:46:50'),
(177, 25, 'Rachelle Cole', 'A et aut officiis id eum eligendi rerum inventore. Hic commodi quo ut error repellendus et. Voluptatem ipsa eius eum magnam vitae nihil.', 1, '2018-07-25 04:46:50', '2018-07-25 04:46:50'),
(178, 66, 'Nils Prosacco', 'Et non in molestias aut repudiandae quod molestiae. Sunt culpa perspiciatis qui.', 5, '2018-07-25 04:46:50', '2018-07-25 04:46:50'),
(179, 87, 'Kiarra DuBuque', 'Qui vel nostrum sed et. Quisquam quam est eveniet quae aut. Blanditiis laudantium voluptatum consequatur. Nam qui rerum sit magnam veritatis blanditiis. Mollitia illo debitis et natus atque cupiditate blanditiis.', 2, '2018-07-25 04:46:50', '2018-07-25 04:46:50'),
(180, 72, 'Myrtice Bogisich DDS', 'At voluptas mollitia eaque veritatis vel facilis. Quam minima perspiciatis nihil ipsam facilis ratione exercitationem.', 2, '2018-07-25 04:46:50', '2018-07-25 04:46:50'),
(181, 55, 'Prof. Zander Frami', 'Sint unde quos dicta rem aperiam maxime. Sed blanditiis quidem quam omnis. Aut quia labore sit omnis corporis.', 2, '2018-07-25 04:46:50', '2018-07-25 04:46:50'),
(182, 72, 'Mr. Michael Bogan', 'Ut aliquam voluptate id quisquam enim nam et. Delectus voluptatum consequatur officia occaecati tempore quisquam optio. In quaerat voluptatem sed magnam aut voluptatem est est. Libero quam eum id debitis.', 4, '2018-07-25 04:46:50', '2018-07-25 04:46:50'),
(183, 80, 'Dr. Cristopher Padberg', 'Numquam eaque sint vel iure velit. Nulla deserunt animi eum nesciunt sint. Id nemo velit sit sed assumenda.', 4, '2018-07-25 04:46:50', '2018-07-25 04:46:50'),
(184, 81, 'Rylee Bergstrom Sr.', 'Tempora rerum quis autem facilis sunt aut. Et dolor quia qui mollitia repellendus inventore quis. Eos aut cupiditate repellendus magnam quisquam quo quod. Dolore est quisquam dignissimos ipsa.', 5, '2018-07-25 04:46:50', '2018-07-25 04:46:50'),
(185, 78, 'Prof. Camden Rohan MD', 'Maxime quam dolorum pariatur consequuntur eaque. Ipsam ullam nihil velit harum est eos incidunt et.', 0, '2018-07-25 04:46:50', '2018-07-25 04:46:50'),
(186, 64, 'Frankie Torp', 'Cum perferendis non natus quis. Corrupti dicta dolorum voluptatem dicta eos provident at. A sequi omnis omnis possimus. Eos autem et dolores quis.', 5, '2018-07-25 04:46:50', '2018-07-25 04:46:50'),
(187, 20, 'Dr. Okey Carter IV', 'Facilis doloremque excepturi consectetur sit libero ipsa aperiam. Magnam sint recusandae numquam qui deserunt nihil. Excepturi hic dicta possimus occaecati et beatae laborum.', 1, '2018-07-25 04:46:50', '2018-07-25 04:46:50'),
(188, 65, 'Prof. Kenny Glover', 'Velit minus ut iusto esse deleniti voluptates excepturi. Minus doloremque ut accusantium voluptatum adipisci. Quo animi omnis amet libero officia nostrum perferendis. Iste ut quod officia soluta voluptates sint.', 5, '2018-07-25 04:46:50', '2018-07-25 04:46:50'),
(189, 60, 'Ms. Kristy Raynor Sr.', 'Optio tempore culpa sit repellat perferendis nam maxime cum. Et maxime hic est. Quo excepturi ut quibusdam velit ut. Officiis sit debitis et similique qui nobis consequuntur.', 1, '2018-07-25 04:46:50', '2018-07-25 04:46:50'),
(190, 43, 'Dr. Demarcus Murray Sr.', 'Eos corrupti rerum veritatis iusto odit. Nulla quis quaerat unde voluptatem et sint aliquid. Odio qui non esse voluptatem. Temporibus et omnis ratione voluptas sed.', 4, '2018-07-25 04:46:50', '2018-07-25 04:46:50'),
(191, 1, 'Elton Jones', 'Harum quisquam nostrum est. Vel nihil officiis ratione. Sit consequatur sit non et ut in.', 0, '2018-07-25 04:46:50', '2018-07-25 04:46:50'),
(192, 2, 'Arely McGlynn', 'Sit non ut dolor maxime. Veniam quo omnis aut animi voluptate molestias. Sint mollitia necessitatibus atque quibusdam laboriosam.', 2, '2018-07-25 04:46:50', '2018-07-25 04:46:50'),
(193, 99, 'Carroll Ruecker', 'Fugiat dolorum et dolor inventore. Sint dicta sint eum incidunt molestiae in. Odio ut amet vero explicabo itaque iste quos.', 3, '2018-07-25 04:46:50', '2018-07-25 04:46:50'),
(194, 92, 'Claudia Kovacek II', 'Temporibus possimus voluptate at eius earum neque. Dolorem rerum veritatis praesentium. Sed aspernatur est ut iure. Laborum et non voluptate est aperiam vitae. Voluptatem hic nostrum fugit occaecati voluptatum nulla in.', 3, '2018-07-25 04:46:50', '2018-07-25 04:46:50'),
(195, 31, 'Tanner Goyette V', 'Suscipit vero ut quis et corrupti sapiente. Eius animi aut fuga quidem. Ea consequuntur in unde quo quia.', 1, '2018-07-25 04:46:50', '2018-07-25 04:46:50'),
(196, 46, 'Miss Brooke Cartwright V', 'Illo voluptatem illum nesciunt quo. Quia eos iste aspernatur. Sapiente quo sapiente voluptatem qui vero sequi illum. Magnam aut consequatur rerum et ut.', 4, '2018-07-25 04:46:50', '2018-07-25 04:46:50'),
(197, 87, 'Ivy Thiel', 'Esse tempore quia sint asperiores vel quia porro. In hic velit illum earum omnis. Perferendis iste fugiat veniam.', 4, '2018-07-25 04:46:50', '2018-07-25 04:46:50'),
(198, 19, 'Aliyah McGlynn', 'Et ex nisi sed aut architecto fugiat nemo ut. Impedit nihil consectetur quia voluptatem commodi doloremque iusto. Suscipit aliquam debitis a dolorem autem tempore. Maiores quaerat sit quis magni.', 3, '2018-07-25 04:46:50', '2018-07-25 04:46:50'),
(199, 32, 'Gerald Yundt Jr.', 'Facilis ea illum consequuntur recusandae dolorem. Quia natus fugiat voluptas et tempore harum atque. Quo blanditiis aut ut dolore totam rerum. Ea magni qui eveniet quia possimus.', 1, '2018-07-25 04:46:50', '2018-07-25 04:46:50'),
(200, 77, 'Shanny Franecki', 'Ad quia quo et sed. Est natus expedita quas corrupti eos magni et. Ipsam voluptatibus nostrum non qui ducimus. Enim et quasi odit voluptatem odio sit non.', 0, '2018-07-25 04:46:50', '2018-07-25 04:46:50'),
(201, 34, 'Isom Kuhn', 'Earum ea eos eum amet et. Praesentium et quos laudantium. Perspiciatis dolorem aut voluptas et quia. Neque aut necessitatibus dolor minus eum quae exercitationem.', 2, '2018-07-25 04:46:50', '2018-07-25 04:46:50'),
(202, 58, 'Dr. Jamie D\'Amore V', 'Impedit nostrum incidunt nisi reiciendis. Maxime est nobis illo provident nihil accusamus sit. Eum qui omnis molestiae fugit doloremque nihil eos.', 4, '2018-07-25 04:46:50', '2018-07-25 04:46:50'),
(203, 55, 'Casandra Kirlin', 'Eveniet et laboriosam sit. Maiores facilis excepturi nostrum iste dolore voluptate cum et. Suscipit molestiae eveniet itaque accusantium in aut voluptates. Repudiandae a et distinctio dolores amet error.', 0, '2018-07-25 04:46:51', '2018-07-25 04:46:51'),
(204, 45, 'Anita Schowalter', 'Accusantium fugit illo nemo fuga commodi neque corrupti. Debitis fugit laborum temporibus hic. Odit doloribus est rerum. Et ullam sit atque ipsam ea quisquam ea.', 5, '2018-07-25 04:46:51', '2018-07-25 04:46:51'),
(205, 36, 'Ms. Suzanne Legros', 'Expedita aliquam velit est atque eligendi et repellat. At autem vel voluptatem voluptas possimus eos ea. Perferendis explicabo voluptatem consequatur laudantium magnam deserunt necessitatibus sequi. Officiis sequi vero deleniti magni veritatis vel placeat sint.', 1, '2018-07-25 04:46:51', '2018-07-25 04:46:51'),
(206, 19, 'Wayne Grady', 'Consectetur enim quod et esse. Est omnis aut velit dolorum. Eveniet dolor aut facere distinctio. Vel consequatur placeat qui illum.', 5, '2018-07-25 04:46:51', '2018-07-25 04:46:51'),
(207, 47, 'Dr. Anastasia Fay', 'Sunt libero odit facilis id facere dolorum accusantium. Deleniti et amet fugiat non eum. Sunt necessitatibus tempore saepe enim saepe dolores. Dolorum voluptas aspernatur laudantium totam.', 4, '2018-07-25 04:46:51', '2018-07-25 04:46:51'),
(208, 25, 'Micah Grant', 'Aut voluptas et quia possimus. Cupiditate aut dolorum vero sit voluptatum.', 3, '2018-07-25 04:46:51', '2018-07-25 04:46:51');
INSERT INTO `reviews` (`id`, `product_id`, `customer`, `review`, `star`, `created_at`, `updated_at`) VALUES
(209, 2, 'Lexus Flatley', 'Quia deleniti reprehenderit repudiandae blanditiis quos culpa. Voluptatum quod omnis ducimus ratione. Qui molestiae officiis explicabo vitae neque. In sunt est assumenda fuga.', 4, '2018-07-25 04:46:51', '2018-07-25 04:46:51'),
(210, 91, 'Vita Kovacek DDS', 'Dolores dolorem ab non voluptas exercitationem eos molestiae. Nam non adipisci voluptatem. Voluptate cum nihil eligendi neque. Nihil ut qui accusamus.', 4, '2018-07-25 04:46:51', '2018-07-25 04:46:51'),
(211, 40, 'Nigel Connelly', 'Commodi deleniti tenetur sed porro. Vel blanditiis iste voluptate. Qui et odio dolores et et quo. Adipisci aliquam expedita quibusdam.', 5, '2018-07-25 04:46:51', '2018-07-25 04:46:51'),
(212, 57, 'Carter Kuvalis I', 'Fuga nihil aut inventore vel optio temporibus quis sint. Natus qui rerum rerum quia qui.', 1, '2018-07-25 04:46:51', '2018-07-25 04:46:51'),
(213, 42, 'Jodie Jerde', 'Et ea est officiis quas praesentium modi. Perspiciatis id neque vero veritatis. Vitae delectus ut iste nihil.', 0, '2018-07-25 04:46:51', '2018-07-25 04:46:51'),
(214, 6, 'Ana Hettinger', 'Quia quaerat architecto voluptatum tempora. Ducimus dolorum molestiae illum natus eveniet sed. Repellat aut sint beatae est libero voluptatibus autem totam. Ducimus nesciunt itaque possimus.', 1, '2018-07-25 04:46:51', '2018-07-25 04:46:51'),
(215, 33, 'Mrs. Neva Daugherty', 'Consequatur et aut accusantium excepturi. Vero est molestiae non voluptas. Voluptatibus rerum fugit praesentium et minima voluptatem.', 2, '2018-07-25 04:46:51', '2018-07-25 04:46:51'),
(216, 83, 'Mr. Deshaun Keeling', 'Quaerat id eaque molestiae mollitia vel alias. Enim facere delectus consequatur. Expedita in voluptas voluptas libero nulla animi. Qui iusto quae corporis sapiente.', 1, '2018-07-25 04:46:51', '2018-07-25 04:46:51'),
(217, 96, 'Leon Schinner', 'Veniam impedit cum blanditiis sed expedita consectetur. Nemo consequatur error est id vel amet at. Facilis dolorem nisi ullam corrupti ea.', 2, '2018-07-25 04:46:51', '2018-07-25 04:46:51'),
(218, 60, 'Prof. Vincent Marks', 'Similique dolor in sunt recusandae molestias. Expedita reprehenderit ducimus et. Eos sit et aspernatur laudantium ut veniam et.', 3, '2018-07-25 04:46:51', '2018-07-25 04:46:51'),
(219, 54, 'Ms. Lizzie Jones', 'Ab corrupti aut voluptatibus suscipit eos sit nulla aperiam. Ipsam in dolor nobis cumque. Sunt vel consequatur sed non. Consequatur animi laborum ex sunt.', 0, '2018-07-25 04:46:51', '2018-07-25 04:46:51'),
(220, 15, 'Marc Ritchie', 'Facere veritatis fugit porro tempora veritatis saepe. Blanditiis voluptatibus autem tenetur molestiae pariatur dolorem. Debitis natus iusto id dolor repellat sed similique. Aut autem ex exercitationem velit voluptatem. Nihil qui dolorem qui autem qui eveniet voluptatem eveniet.', 3, '2018-07-25 04:46:51', '2018-07-25 04:46:51'),
(221, 47, 'Jonathan Predovic', 'Error placeat ut velit architecto est blanditiis impedit vitae. Accusamus et odio aliquid ipsam sit veniam tempora. Voluptatem fuga quos ex fugit beatae. Veniam possimus voluptas vitae consequatur cumque corrupti. Omnis et dolor id illum natus asperiores esse.', 5, '2018-07-25 04:46:51', '2018-07-25 04:46:51'),
(222, 42, 'Celestine Leannon', 'Nisi asperiores mollitia distinctio voluptatem. Reprehenderit sed repellat aut et quas necessitatibus sed. Repellendus sapiente laborum harum quis perspiciatis.', 2, '2018-07-25 04:46:51', '2018-07-25 04:46:51'),
(223, 82, 'Immanuel Wiza', 'Dolores hic autem repellat aut necessitatibus nihil. Ipsa quia eos autem enim. Laboriosam quidem totam sed architecto molestias.', 5, '2018-07-25 04:46:51', '2018-07-25 04:46:51'),
(224, 21, 'Clifford VonRueden III', 'Tenetur atque qui ut totam reiciendis voluptatem id. Quibusdam voluptatum blanditiis corporis perspiciatis eaque praesentium. Rem ex perspiciatis deleniti explicabo. Voluptatem cum ea ullam illo eum ut perspiciatis.', 5, '2018-07-25 04:46:51', '2018-07-25 04:46:51'),
(225, 18, 'Erwin O\'Keefe', 'Natus sapiente sed vel et sint molestiae animi. Inventore magnam et molestiae dignissimos. Recusandae tempore et aut tempore sed.', 5, '2018-07-25 04:46:51', '2018-07-25 04:46:51'),
(226, 83, 'Molly Pagac', 'Aut aliquam magni explicabo cupiditate pariatur repellat. Est ut aut similique eum occaecati mollitia. Dolores ut sed consequuntur ut et eos necessitatibus. Dicta ipsum enim qui a.', 0, '2018-07-25 04:46:51', '2018-07-25 04:46:51'),
(227, 50, 'Rashawn Nitzsche', 'Nobis quaerat voluptas nihil error aliquam dolores eius. Quisquam vero iure totam possimus. Totam odit assumenda reiciendis dolores sit consequatur. Inventore dignissimos quia magni et aliquid.', 2, '2018-07-25 04:46:51', '2018-07-25 04:46:51'),
(228, 70, 'Dr. Meredith Blick', 'Excepturi itaque culpa rem ut rerum quaerat. Ut aliquam natus magnam inventore deserunt est eaque ipsa. Voluptates totam nobis molestiae quia consequuntur sequi.', 4, '2018-07-25 04:46:51', '2018-07-25 04:46:51'),
(229, 69, 'Dr. Aaliyah O\'Connell', 'Velit omnis repellendus quis est voluptatem odit. Aut et cum doloribus et iste incidunt laudantium.', 1, '2018-07-25 04:46:51', '2018-07-25 04:46:51'),
(230, 20, 'Izabella Herman', 'Sit et libero beatae eveniet. Non debitis hic non. Dolorem nam aut sed aut unde minima vero placeat.', 5, '2018-07-25 04:46:51', '2018-07-25 04:46:51'),
(231, 2, 'Ms. Josie Hoppe', 'Quod dolor nihil unde id culpa voluptas. Et enim vel hic a deleniti.', 1, '2018-07-25 04:46:51', '2018-07-25 04:46:51'),
(232, 65, 'Ms. Tamara Friesen', 'Nemo iste rem consequatur est iure amet aliquam qui. Rerum vitae sint ut quibusdam possimus nobis. Qui fugit et molestiae quaerat modi et.', 0, '2018-07-25 04:46:51', '2018-07-25 04:46:51'),
(233, 26, 'Maudie Kemmer', 'Odio omnis cupiditate maxime ut expedita consequatur porro id. Qui reiciendis expedita molestias laborum in asperiores sunt ut. Magnam reprehenderit maiores commodi consequuntur illum. Beatae aut quisquam rem delectus.', 4, '2018-07-25 04:46:51', '2018-07-25 04:46:51'),
(234, 91, 'Jaclyn Boehm Sr.', 'Error sunt cumque deleniti reprehenderit. Aperiam eligendi non qui aut dolorem fugit corporis. Voluptatem in accusantium consequatur.', 3, '2018-07-25 04:46:51', '2018-07-25 04:46:51'),
(235, 95, 'Mr. Mathew Schaefer DDS', 'Dolorem in error cum quia eaque minima harum. Odit aspernatur voluptas est doloremque ipsum iusto aut. Quasi iste qui temporibus rerum.', 1, '2018-07-25 04:46:51', '2018-07-25 04:46:51'),
(236, 8, 'Cortney Rogahn', 'Earum est optio natus qui perspiciatis. Id aperiam dolores quo accusantium autem asperiores. Earum occaecati voluptas ea nesciunt. Nisi molestiae et ipsa aut vel.', 5, '2018-07-25 04:46:51', '2018-07-25 04:46:51'),
(237, 63, 'Trudie Watsica', 'Aliquam ut omnis dolores commodi recusandae amet. Qui porro dolor similique quia. Similique incidunt recusandae architecto aut non. Sed laborum pariatur rerum excepturi.', 0, '2018-07-25 04:46:51', '2018-07-25 04:46:51'),
(238, 56, 'Dayne Barrows', 'Doloribus quae sequi quo numquam quas. Commodi eaque alias illum consequatur eum. Itaque eligendi ipsam distinctio quo ut aut.', 5, '2018-07-25 04:46:51', '2018-07-25 04:46:51'),
(239, 80, 'Braeden Breitenberg IV', 'Et enim tempore sit. Veritatis qui quos et. Commodi neque dolor molestiae excepturi. Ut est sit voluptas vitae hic.', 4, '2018-07-25 04:46:51', '2018-07-25 04:46:51'),
(240, 33, 'Trever Littel', 'Et quisquam labore eaque non rerum natus. Incidunt dolorem dolorum debitis ut quibusdam repellendus consequatur. Et ut quo illo facere reiciendis doloribus. Eaque omnis omnis libero eos voluptates iste vel consequuntur.', 0, '2018-07-25 04:46:51', '2018-07-25 04:46:51'),
(241, 1, 'Dr. Ray Schinner IV', 'Et cupiditate et qui consequatur harum magni rerum voluptatibus. Quia impedit voluptatem id sapiente culpa. Quae consequatur repudiandae ut dolore.', 2, '2018-07-25 04:46:51', '2018-07-25 04:46:51'),
(242, 4, 'Miss Lou Streich Jr.', 'Sint non nihil quia inventore. Unde autem culpa dolorem voluptatem sapiente mollitia deleniti. Iure ut rem eos nisi qui nihil quia. Illum in aut beatae laboriosam est voluptas impedit.', 4, '2018-07-25 04:46:51', '2018-07-25 04:46:51'),
(243, 72, 'Linwood O\'Kon', 'Nostrum cum veritatis commodi consectetur temporibus minus aut. Illum est velit cumque dolores. Architecto ipsum aut at.', 2, '2018-07-25 04:46:51', '2018-07-25 04:46:51'),
(244, 9, 'Rahsaan Von', 'Rerum dolor doloremque vitae alias et mollitia. Nostrum consequatur inventore harum optio. Doloribus deleniti rerum cum quibusdam.', 3, '2018-07-25 04:46:51', '2018-07-25 04:46:51'),
(245, 69, 'Leola Koch', 'Est amet dicta est adipisci sed. Quia exercitationem voluptate sit. Rem corrupti illum et vel temporibus sit. Ducimus labore excepturi accusantium recusandae occaecati reiciendis nisi.', 5, '2018-07-25 04:46:51', '2018-07-25 04:46:51'),
(246, 45, 'Gunner Rutherford III', 'Eos qui nisi ab. Et quam perferendis temporibus qui pariatur perspiciatis esse velit. Necessitatibus nam vero maiores ex.', 4, '2018-07-25 04:46:51', '2018-07-25 04:46:51'),
(247, 47, 'Elna Skiles DVM', 'Exercitationem aliquam numquam natus maxime. Esse fuga quaerat dolor ipsum maxime repudiandae est et. Voluptatem aut saepe ducimus id necessitatibus quam error consequatur. Et maxime nulla quod unde.', 5, '2018-07-25 04:46:51', '2018-07-25 04:46:51'),
(248, 74, 'Mr. Bret Jakubowski DVM', 'Quod ratione repudiandae architecto alias id. Sed fugit recusandae quos laudantium fugit corrupti distinctio.', 1, '2018-07-25 04:46:51', '2018-07-25 04:46:51'),
(249, 2, 'Josiane Howell', 'Quisquam dolorum sunt molestiae deserunt dolorem nulla aliquid. Et qui enim ipsa sapiente animi et. Qui ad eos ad porro quod sit minima.', 3, '2018-07-25 04:46:51', '2018-07-25 04:46:51'),
(250, 5, 'Marjory Runolfsdottir', 'Quidem et et quia soluta impedit et. Facere sapiente vero enim labore ipsa magni.', 0, '2018-07-25 04:46:52', '2018-07-25 04:46:52'),
(251, 87, 'Zack Stokes Jr.', 'Ut ut sunt nobis sapiente eveniet nemo sunt modi. Et maxime animi quia sed repellendus officiis eos. Autem optio et deleniti explicabo ut. Voluptates ut eum architecto molestiae inventore nostrum.', 0, '2018-07-25 04:46:52', '2018-07-25 04:46:52'),
(252, 41, 'Imogene Tremblay', 'Quae quae quo recusandae quod iste. Facere saepe fugit est saepe natus distinctio ut exercitationem. Tenetur id molestiae possimus placeat consequuntur cupiditate. Distinctio omnis perspiciatis eaque officiis incidunt perspiciatis dolores. Consequatur et doloremque saepe sed sed esse voluptatibus sit.', 3, '2018-07-25 04:46:52', '2018-07-25 04:46:52'),
(253, 12, 'Prof. Reuben Nitzsche', 'Ut quam sint illo unde blanditiis. Voluptas et nobis eum occaecati dolores qui ullam. Vitae animi sed delectus eius in qui.', 1, '2018-07-25 04:46:52', '2018-07-25 04:46:52'),
(254, 82, 'Shannon Botsford', 'Iure aspernatur in sunt sequi ea. Accusantium et possimus veniam reprehenderit. Amet quis harum quia iure.', 3, '2018-07-25 04:46:52', '2018-07-25 04:46:52'),
(255, 67, 'Eulah Paucek PhD', 'Voluptas deserunt sunt soluta quia. Odio dolorem facere fugiat eos aliquam. Qui sint odit itaque est molestiae aut molestiae. Dolore provident quis saepe consequuntur illo.', 0, '2018-07-25 04:46:52', '2018-07-25 04:46:52'),
(256, 3, 'Darrin Renner', 'Optio rerum ducimus sunt excepturi incidunt illo. Non consequatur fugiat incidunt magni ad voluptatibus. Atque quisquam molestiae eligendi et ut consequatur. Et voluptate nihil quos non.', 2, '2018-07-25 04:46:52', '2018-07-25 04:46:52'),
(257, 20, 'Emiliano Bogan', 'Distinctio rerum enim mollitia fugiat voluptatem nihil at est. Sint est assumenda non quidem. Qui ut molestias quisquam veritatis ea pariatur ad. Nobis placeat eum dolores. Et sit ut esse rerum quis.', 0, '2018-07-25 04:46:52', '2018-07-25 04:46:52'),
(258, 47, 'Jaylon Reichel', 'Veritatis enim quasi ut ratione molestias sed. Dolorem omnis atque harum reiciendis est praesentium et consequuntur. Error atque et non in natus. Nihil explicabo fuga dolores sit illum veritatis.', 1, '2018-07-25 04:46:52', '2018-07-25 04:46:52'),
(259, 6, 'Clarabelle Batz', 'Autem aut maiores ut non reiciendis qui. Voluptas consequatur dolores eos ipsam. Odio aut nihil provident odio quod. Et enim omnis laudantium sint dignissimos eum inventore.', 2, '2018-07-25 04:46:52', '2018-07-25 04:46:52'),
(260, 61, 'Mylene Feest', 'Accusamus facilis temporibus est necessitatibus. Sequi qui est iste aperiam ipsam est quo. Iure ut fuga omnis. Accusantium quia amet repellat alias sunt quis quia eum. Qui at vitae inventore.', 0, '2018-07-25 04:46:52', '2018-07-25 04:46:52'),
(261, 34, 'Marco Bednar', 'Reiciendis tempore doloremque aliquam. Fugiat voluptate blanditiis recusandae molestias. Non fugit et autem tempora vero nisi.', 3, '2018-07-25 04:46:52', '2018-07-25 04:46:52'),
(262, 9, 'Mr. Doris Mayert Sr.', 'Dolores impedit hic nobis sunt aperiam omnis voluptate. Rerum ducimus aut aut in voluptatem quidem voluptatem aut. Et doloribus itaque quia.', 2, '2018-07-25 04:46:52', '2018-07-25 04:46:52'),
(263, 11, 'Modesto Conn', 'Unde est quia voluptatem. Deserunt earum facilis id porro dolorum. Minus qui vel impedit sit.', 0, '2018-07-25 04:46:52', '2018-07-25 04:46:52'),
(264, 20, 'Dr. Murphy Hamill', 'Iusto et qui omnis et. Quis quisquam enim est est totam dignissimos odio. Qui explicabo et ad recusandae. Omnis cum quod non sed iste pariatur.', 5, '2018-07-25 04:46:52', '2018-07-25 04:46:52'),
(265, 82, 'Prof. Kaya Deckow', 'Quidem blanditiis vero quam culpa amet officia eos. Aspernatur earum animi et assumenda saepe modi incidunt optio. Rem dolorem officia reprehenderit quos explicabo deleniti rerum. Rerum quia occaecati autem quasi.', 3, '2018-07-25 04:46:52', '2018-07-25 04:46:52'),
(266, 60, 'Jannie Feest Jr.', 'Quia ab sunt similique deleniti voluptatum. Quis autem aspernatur minima ipsam. Ea adipisci adipisci eaque quidem accusantium.', 3, '2018-07-25 04:46:52', '2018-07-25 04:46:52'),
(267, 23, 'Mr. Dominic Schmitt III', 'Tenetur fugiat repudiandae minima veritatis quia aut dolor. Velit omnis ut ab ipsum quas modi quam. Commodi nihil sed est recusandae voluptas.', 2, '2018-07-25 04:46:52', '2018-07-25 04:46:52'),
(268, 77, 'Bernadine Cassin Jr.', 'Quasi nisi voluptas voluptatem commodi velit. At soluta ut ipsa doloremque velit odio vel. Quod facilis esse eaque libero voluptatem et vero.', 5, '2018-07-25 04:46:52', '2018-07-25 04:46:52'),
(269, 79, 'Prof. Orin Goyette PhD', 'Quo laborum iusto enim. Voluptatibus qui facere aliquid doloribus distinctio minima. Aut vero atque id sit debitis consequuntur. Ipsum voluptas blanditiis maiores maiores.', 3, '2018-07-25 04:46:52', '2018-07-25 04:46:52'),
(270, 7, 'Prof. Tyrel Nikolaus', 'Ut adipisci omnis mollitia ea laudantium aperiam molestiae. Ab distinctio in et magni odit. Aliquam ut sit velit ea a. Magni alias quia placeat quia officia dolores.', 5, '2018-07-25 04:46:52', '2018-07-25 04:46:52'),
(271, 18, 'Dr. Antonetta Beahan', 'Enim eius aut quasi odit ipsum. Veritatis ipsa vel voluptas earum sed qui. Consequatur et quam a repellendus molestiae eos. Nostrum eum ut ipsam quibusdam vero.', 2, '2018-07-25 04:46:52', '2018-07-25 04:46:52'),
(272, 66, 'Kurtis Reichert', 'Quia numquam rerum qui eum qui dolores. Ut magnam ad neque voluptates mollitia iure eligendi. Quam dolorem deleniti nihil reprehenderit ratione voluptatem maxime. Est est commodi qui minus sed.', 1, '2018-07-25 04:46:52', '2018-07-25 04:46:52'),
(273, 55, 'Lucinda Dietrich', 'Autem enim laboriosam sit consectetur ut. Vero molestiae quia repellendus possimus. Cumque sit dolor tempora et.', 2, '2018-07-25 04:46:52', '2018-07-25 04:46:52'),
(274, 49, 'Mrs. Esmeralda Daugherty', 'Culpa et vero soluta. Libero cupiditate velit necessitatibus itaque. Praesentium nemo eum ut iusto illo. Impedit sunt laudantium est omnis.', 3, '2018-07-25 04:46:52', '2018-07-25 04:46:52'),
(275, 83, 'Francis Lang DVM', 'Rerum adipisci ipsa et fugit enim. Cumque aut fugiat autem. Repellendus vitae voluptatem eum placeat. Asperiores molestiae est magni nesciunt.', 2, '2018-07-25 04:46:52', '2018-07-25 04:46:52'),
(276, 33, 'Alyce Becker', 'Dolorem sunt vel optio natus libero aliquid. Eum eligendi velit sit aperiam asperiores et ea.', 1, '2018-07-25 04:46:52', '2018-07-25 04:46:52'),
(277, 83, 'Lourdes McCullough II', 'Iste sit sequi minus inventore odio odit. Eos vel est sed quaerat sed. In consequuntur veniam doloremque delectus et.', 0, '2018-07-25 04:46:52', '2018-07-25 04:46:52'),
(278, 44, 'Dr. Carolyne Oberbrunner MD', 'Et temporibus aut dolorem ea fuga earum corporis. Praesentium doloribus tempora explicabo harum aut officia exercitationem. Laboriosam nisi consequatur incidunt. Unde quia voluptatem maxime quasi dolor laborum.', 5, '2018-07-25 04:46:52', '2018-07-25 04:46:52'),
(279, 87, 'Miss Justine Turcotte', 'Occaecati assumenda vel sequi et quasi. Nemo et corporis velit sit occaecati eum. Sunt delectus distinctio autem earum nihil voluptatem dolorem.', 2, '2018-07-25 04:46:52', '2018-07-25 04:46:52'),
(280, 87, 'Archibald Franecki', 'Consectetur sit accusantium dolorem ut vel quia. Itaque consectetur recusandae quidem perferendis vero placeat quo facere. Ea dolor provident ea in. Quis voluptate ducimus accusamus dolor.', 3, '2018-07-25 04:46:52', '2018-07-25 04:46:52'),
(281, 52, 'Nina Hill', 'Illum ad quisquam a ipsa sint omnis. Qui repellendus pariatur veritatis est. Nisi assumenda soluta eveniet perferendis dolor. Consequuntur deleniti id quia molestias.', 3, '2018-07-25 04:46:52', '2018-07-25 04:46:52'),
(282, 10, 'Josie Jacobi', 'Laborum sit ex a illo in eaque modi dignissimos. Quasi expedita voluptates consectetur excepturi ipsum sed eos. Rem ipsa deleniti nisi veritatis in ea et. Earum ut animi reprehenderit. Pariatur ratione voluptate maxime modi hic.', 2, '2018-07-25 04:46:52', '2018-07-25 04:46:52'),
(283, 68, 'Quinton Brakus', 'Sed recusandae quo enim ut harum eveniet a hic. Enim deserunt ea qui voluptatem sed nostrum.', 2, '2018-07-25 04:46:52', '2018-07-25 04:46:52'),
(284, 55, 'Cesar Kerluke', 'Rerum rerum amet corporis cum veritatis placeat. Eos deleniti optio magnam fugit. Et quibusdam rerum officia numquam iure cumque quae.', 1, '2018-07-25 04:46:52', '2018-07-25 04:46:52'),
(285, 26, 'Anais Gusikowski', 'Aut voluptas pariatur modi id sit. Eum natus exercitationem numquam adipisci quia. Rem sit enim placeat ratione occaecati esse aspernatur. Qui dicta aspernatur sit dolor voluptas.', 2, '2018-07-25 04:46:52', '2018-07-25 04:46:52'),
(286, 39, 'Mr. Arne Mitchell V', 'Ipsa sint voluptas aspernatur alias tempore. Laboriosam reprehenderit distinctio cupiditate. Aut totam aut quibusdam enim. Quas accusantium consequatur temporibus ex dolores.', 5, '2018-07-25 04:46:52', '2018-07-25 04:46:52'),
(287, 65, 'Dr. Madison Yundt', 'Nulla maxime rerum temporibus non aut rerum. Alias molestias voluptates quo laborum id aut. Non quos aliquid quisquam officia consequuntur tempore dolorem.', 0, '2018-07-25 04:46:52', '2018-07-25 04:46:52'),
(288, 14, 'Mr. Lourdes Hodkiewicz PhD', 'Saepe ut et numquam eveniet dicta vitae veniam atque. Molestias porro quia voluptate mollitia occaecati consequatur. Officiis earum ab et eius. In molestiae dolor adipisci natus earum. Sint sint nulla nulla qui.', 1, '2018-07-25 04:46:52', '2018-07-25 04:46:52'),
(289, 58, 'Mrs. Phoebe Toy', 'Harum corrupti sint tempora ut ullam. Id voluptatem beatae dolorem fugiat. Officia est consectetur odit sed.', 4, '2018-07-25 04:46:52', '2018-07-25 04:46:52'),
(290, 25, 'Eda Rempel', 'Ex voluptates non inventore consequuntur similique corporis quam. Tempore maxime veniam similique ratione ea ex. Vero quia id distinctio repudiandae qui a voluptas.', 4, '2018-07-25 04:46:52', '2018-07-25 04:46:52'),
(291, 95, 'Hilario Wilderman', 'Ipsa ut est aut possimus enim sit voluptas. Molestiae voluptatum ipsa nemo rem. Dolor et recusandae incidunt aut commodi.', 0, '2018-07-25 04:46:52', '2018-07-25 04:46:52'),
(292, 19, 'Antone Kovacek', 'Occaecati qui dolores maxime ea totam. Qui fuga placeat culpa saepe.', 2, '2018-07-25 04:46:52', '2018-07-25 04:46:52'),
(293, 71, 'Arturo Osinski', 'Enim sint et odit occaecati et dolorem. Harum veritatis sit fuga a nostrum quas qui recusandae. Dolores inventore est nam velit eum et sit.', 3, '2018-07-25 04:46:52', '2018-07-25 04:46:52'),
(294, 2, 'Richie Lemke', 'Aperiam voluptatem quia asperiores eum et molestiae velit provident. Assumenda laudantium sunt ad sunt velit vero omnis. Dolorem quos corporis omnis perferendis debitis et.', 1, '2018-07-25 04:46:52', '2018-07-25 04:46:52'),
(295, 59, 'Zoey O\'Conner', 'Tenetur ducimus ut voluptatem illo non voluptatem. Aliquam qui dignissimos ullam temporibus aut sapiente. Aut ullam magni repudiandae vero.', 4, '2018-07-25 04:46:52', '2018-07-25 04:46:52'),
(296, 1, 'Mr. Junior Veum', 'Natus at beatae dolores architecto enim rerum. Perspiciatis debitis aut saepe dolorem velit sit quaerat corporis. Ullam voluptates autem veritatis totam voluptatem occaecati.', 0, '2018-07-25 04:46:53', '2018-07-25 04:46:53'),
(297, 96, 'Abigail Schneider', 'Minima numquam dignissimos iure dignissimos. Sunt et dolor facilis omnis. Earum vitae sed consequatur laborum dicta blanditiis.', 5, '2018-07-25 04:46:53', '2018-07-25 04:46:53'),
(298, 4, 'Celestine Abshire', 'Illum soluta debitis et enim voluptatibus. Esse quibusdam ut dolorem velit voluptatem nisi dignissimos. Optio veritatis maiores sapiente ut. Facilis reprehenderit ab cumque ipsa atque aspernatur.', 1, '2018-07-25 04:46:53', '2018-07-25 04:46:53'),
(299, 6, 'Dejon Rosenbaum', 'Dolorem vel reprehenderit placeat labore. Ut minus minima alias voluptatem. Non ut libero ea sint a et aut. Ducimus fugit ut alias quia quam voluptas.', 1, '2018-07-25 04:46:53', '2018-07-25 04:46:53'),
(300, 32, 'Dr. Winifred Brekke DDS', 'Et voluptates nesciunt eum repellat qui rerum. Delectus eum maxime soluta aut. Voluptas dolores rerum dolorem ut accusantium quis harum. Atque et rerum hic provident.', 5, '2018-07-25 04:46:53', '2018-07-25 04:46:53');

-- --------------------------------------------------------

--
-- Структура таблицы `users`
--

CREATE TABLE `users` (
  `id` int(10) UNSIGNED NOT NULL,
  `name` varchar(255) COLLATE utf8mb4_unicode_ci NOT NULL,
  `email` varchar(255) COLLATE utf8mb4_unicode_ci NOT NULL,
  `password` varchar(255) COLLATE utf8mb4_unicode_ci NOT NULL,
  `remember_token` varchar(100) COLLATE utf8mb4_unicode_ci DEFAULT NULL,
  `created_at` timestamp NULL DEFAULT NULL,
  `updated_at` timestamp NULL DEFAULT NULL
) ENGINE=InnoDB DEFAULT CHARSET=utf8mb4 COLLATE=utf8mb4_unicode_ci;

--
-- Индексы сохранённых таблиц
--

--
-- Индексы таблицы `migrations`
--
ALTER TABLE `migrations`
  ADD PRIMARY KEY (`id`);

--
-- Индексы таблицы `products`
--
ALTER TABLE `products`
  ADD PRIMARY KEY (`id`);

--
-- Индексы таблицы `reviews`
--
ALTER TABLE `reviews`
  ADD PRIMARY KEY (`id`),
  ADD KEY `reviews_product_id_index` (`product_id`);

--
-- Индексы таблицы `users`
--
ALTER TABLE `users`
  ADD PRIMARY KEY (`id`),
  ADD UNIQUE KEY `users_email_unique` (`email`);

--
-- AUTO_INCREMENT для сохранённых таблиц
--

--
-- AUTO_INCREMENT для таблицы `migrations`
--
ALTER TABLE `migrations`
  MODIFY `id` int(10) UNSIGNED NOT NULL AUTO_INCREMENT, AUTO_INCREMENT=5;
--
-- AUTO_INCREMENT для таблицы `products`
--
ALTER TABLE `products`
  MODIFY `id` int(10) UNSIGNED NOT NULL AUTO_INCREMENT, AUTO_INCREMENT=101;
--
-- AUTO_INCREMENT для таблицы `reviews`
--
ALTER TABLE `reviews`
  MODIFY `id` int(10) UNSIGNED NOT NULL AUTO_INCREMENT, AUTO_INCREMENT=301;
--
-- AUTO_INCREMENT для таблицы `users`
--
ALTER TABLE `users`
  MODIFY `id` int(10) UNSIGNED NOT NULL AUTO_INCREMENT;
--
-- Ограничения внешнего ключа сохраненных таблиц
--

--
-- Ограничения внешнего ключа таблицы `reviews`
--
ALTER TABLE `reviews`
  ADD CONSTRAINT `reviews_product_id_foreign` FOREIGN KEY (`product_id`) REFERENCES `products` (`id`) ON DELETE CASCADE;
COMMIT;

/*!40101 SET CHARACTER_SET_CLIENT=@OLD_CHARACTER_SET_CLIENT */;
/*!40101 SET CHARACTER_SET_RESULTS=@OLD_CHARACTER_SET_RESULTS */;
/*!40101 SET COLLATION_CONNECTION=@OLD_COLLATION_CONNECTION */;
